{
  "CLG_FedMV": [
    18.908607482910156,
    18.908607482910156,
    5.313024044036865,
    19.252376556396484,
    21.312185287475586,
    21.735607147216797,
    22.678871154785156,
    26.412799835205078,
    27.75572967529297,
    29.661821365356445,
    31.750978469848633,
    33.668251037597656,
    33.22386932373047,
    32.687255859375,
    35.628841400146484,
    37.21213150024414,
    36.52738952636719,
    37.585243225097656,
    38.054779052734375,
    39.58356475830078,
    38.970096588134766,
    38.75209426879883,
    40.008384704589844,
    37.367244720458984,
    39.231414794921875,
    40.21660232543945,
    41.091392517089844,
    37.28060531616211,
    40.065677642822266,
    38.82057189941406,
    36.53158187866211,
    37.57266616821289,
    40.1844596862793,
    35.299049377441406,
    39.1070442199707,
    39.059532165527344,
    40.39686965942383,
    38.496368408203125,
    38.454444885253906,
    36.06204605102539,
    37.24566650390625,
    38.409725189208984,
    38.96869659423828,
    38.18474197387695,
    37.602012634277344,
    36.846004486083984,
    37.247066497802734,
    38.074344635009766,
    37.11570739746094,
    36.284236907958984,
    36.924259185791016,
    36.98993682861328,
    35.63722610473633,
    36.58468246459961,
    37.226104736328125,
    36.20877456665039,
    32.33510208129883,
    36.03968811035156,
    36.049468994140625,
    36.56092834472656,
    34.78899002075195,
    35.904136657714844,
    35.97400665283203,
    36.0983772277832,
    35.80072784423828,
    35.43180465698242,
    35.61347198486328,
    35.54359817504883,
    35.187255859375,
    34.03158187866211,
    35.37031936645508,
    35.38010025024414,
    35.266910552978516,
    35.23616409301758,
    34.30128479003906,
    35.01956558227539,
    35.03633499145508,
    35.47372817993164,
    34.26215744018555,
    35.02375793457031,
    34.70933532714844,
    34.64505386352539,
    32.987701416015625,
    35.054500579833984,
    35.29066467285156,
    34.60452651977539,
    35.00419235229492,
    34.893795013427734,
    34.69116973876953,
    34.62269592285156,
    34.95109176635742,
    34.85746383666992,
    35.12017822265625,
    33.86528778076172,
    34.684181213378906,
    34.88680648803711,
    34.955284118652344,
    34.69116973876953,
    34.61431121826172,
    34.812744140625
  ],
  "FedDU_FedMV": [
    18.908607482910156,
    18.908607482910156,
    18.908607482910156,
    18.908607482910156,
    18.908607482910156,
    18.908607482910156,
    18.908607482910156,
    18.908607482910156,
    18.908607482910156,
    18.908607482910156,
    18.834545135498047,
    18.900222778320312,
    19.980436325073242,
    20.933483123779297,
    21.637786865234375,
    22.495807647705078,
    23.13722801208496,
    23.932363510131836,
    24.22303009033203,
    24.446619033813477,
    24.55002784729004,
    24.681386947631836,
    24.76103973388672,
    24.867244720458984,
    25.015371322631836,
    25.25712776184082,
    26.11235237121582,
    27.07378387451172,
    28.028228759765625,
    28.43767547607422,
    28.787031173706055,
    29.133594512939453,
    29.143375396728516,
    29.17411994934082,
    29.47736167907715,
    29.519285202026367,
    29.57378387451172,
    29.818334579467773,
    30.00139808654785,
    30.293460845947266,
    30.477920532226562,
    30.68474006652832,
    30.9237003326416,
    30.918109893798828,
    31.27864646911621,
    31.60564613342285,
    31.713247299194336,
    31.689491271972656,
    32.14086151123047,
    32.319732666015625,
    32.305755615234375,
    32.506988525390625,
    32.4035758972168,
    32.54331970214844,
    33.012855529785156,
    33.049190521240234,
    33.32448196411133,
    33.54108428955078,
    33.694801330566406,
    33.94214630126953,
    34.0134162902832,
    33.98826217651367,
    34.24678421020508,
    34.43544006347656,
    34.64645004272461,
    34.74985885620117,
    34.74287414550781,
    35.315818786621094,
    35.25153732299805,
    35.54080581665039,
    35.480716705322266,
    35.39826583862305,
    35.66517639160156,
    36.06204605102539,
    35.85103225708008,
    36.528785705566406,
    36.591670989990234,
    36.67272186279297,
    36.470096588134766,
    36.7537727355957,
    37.08216857910156,
    36.43376159667969,
    37.15064239501953,
    37.37423324584961,
    37.56288528442383,
    37.56288528442383,
    37.607601165771484,
    38.05058670043945,
    37.78507614135742,
    38.08272933959961,
    38.133033752441406,
    38.37898254394531,
    38.44326400756836,
    38.47959899902344,
    38.570430755615234,
    38.6766357421875,
    38.75209426879883,
    38.79401779174805,
    38.91559600830078,
    38.61235427856445
  ],
  "FedMV": [
    18.908607482910156,
    18.908607482910156,
    18.908607482910156,
    18.908607482910156,
    18.908607482910156,
    18.908607482910156,
    18.908607482910156,
    18.908607482910156,
    18.908607482910156,
    18.908607482910156,
    18.82196807861328,
    19.474567413330078,
    19.969257354736328,
    20.33258819580078,
    21.025712966918945,
    21.517606735229492,
    22.112913131713867,
    22.842370986938477,
    23.926774978637695,
    24.15176010131836,
    24.43963050842285,
    24.610116958618164,
    24.723308563232422,
    24.76383399963379,
    24.88261604309082,
    24.949691772460938,
    25.037731170654297,
    25.124370574951172,
    25.3996639251709,
    25.68753433227539,
    26.031301498413086,
    26.967578887939453,
    27.92621612548828,
    28.339855194091797,
    28.535493850708008,
    28.900222778320312,
    29.140581130981445,
    29.478759765625,
    29.64505386352539,
    29.93152618408203,
    29.98183250427246,
    30.320011138916016,
    30.42621612548828,
    30.49748420715332,
    30.975404739379883,
    31.06064796447754,
    31.145891189575195,
    31.18222427368164,
    31.24930191040039,
    31.433761596679688,
    31.500839233398438,
    31.781721115112305,
    31.809669494628906,
    31.755170822143555,
    31.907489776611328,
    32.138065338134766,
    32.34209060668945,
    32.73616409301758,
    32.5,
    33.001678466796875,
    33.033817291259766,
    32.95416259765625,
    33.04080581665039,
    33.49916076660156,
    33.763275146484375,
    33.8261604309082,
    34.003631591796875,
    33.99943923950195,
    34.27473449707031,
    34.50111770629883,
    34.939910888671875,
    34.81693649291992,
    35.16210174560547,
    35.633033752441406,
    35.59111404418945,
    35.72386932373047,
    35.89155960083008,
    35.96003341674805,
    36.10816192626953,
    36.09418487548828,
    36.27305603027344,
    36.43236541748047,
    36.451927185058594,
    36.72163391113281,
    36.95779800415039,
    37.1282844543457,
    37.06819534301758,
    37.21772003173828,
    37.372833251953125,
    37.42733383178711,
    37.65790939331055,
    37.799049377441406,
    37.820011138916016,
    38.035213470458984,
    37.93180465698242,
    38.095306396484375,
    38.049190521240234,
    38.37199401855469,
    38.2490234375,
    38.40134048461914
  ],