{
  "CLG_FedMV": [
    29.690000534057617,
    42.560001373291016,
    46.52000045776367,
    45.790000915527344,
    51.060001373291016,
    52.38999938964844,
    53.689998626708984,
    53.150001525878906,
    54.400001525878906,
    54.08000183105469,
    55.47999954223633,
    55.619998931884766,
    56.09000015258789,
    56.7599983215332,
    57.040000915527344,
    57.560001373291016,
    58.16999816894531,
    58.869998931884766,
    59.0,
    59.52000045776367,
    59.7599983215332,
    59.61000061035156,
    59.84000015258789,
    60.36000061035156,
    60.47999954223633,
    60.86000061035156,
    60.599998474121094,
    60.61000061035156,
    60.61000061035156,
    60.90999984741211,
    60.83000183105469,
    60.869998931884766,
    60.810001373291016,
    60.939998626708984,
    61.02000045776367,
    60.90999984741211,
    60.970001220703125,
    61.290000915527344,
    61.06999969482422,
    61.09000015258789,
    61.130001068115234,
    61.099998474121094,
    61.11000061035156,
    61.119998931884766,
    61.22999954223633,
    61.5099983215332,
    61.31999969482422,
    61.13999938964844,
    61.2400016784668,
    60.959999084472656,
    61.0,
    60.970001220703125,
    61.040000915527344,
    61.22999954223633,
    61.380001068115234,
    61.099998474121094,
    61.34000015258789,
    61.529998779296875,
    61.310001373291016,
    61.369998931884766,
    61.599998474121094,
    61.4900016784668,
    61.369998931884766,
    61.290000915527344,
    61.77000045776367,
    61.560001373291016,
    61.349998474121094,
    61.31999969482422,
    61.54999923706055,
    61.29999923706055,
    61.36000061035156,
    61.72999954223633,
    61.470001220703125,
    61.63999938964844,
    61.599998474121094,
    61.25,
    61.349998474121094,
    61.61000061035156,
    61.81999969482422,
    61.61000061035156,
    61.720001220703125,
    61.52000045776367,
    61.54999923706055,
    61.65999984741211,
    61.709999084472656,
    61.880001068115234,
    61.5099983215332,
    61.59000015258789,
    61.650001525878906,
    61.72999954223633,
    61.650001525878906,
    61.959999084472656,
    61.779998779296875,
    61.79999923706055,
    61.66999816894531,
    61.709999084472656,
    61.91999816894531,
    61.7599983215332,
    61.61000061035156,
    61.720001220703125
  ],
  "FedDU_FedMV": [
    30.389999389648438,
    37.0,
    43.11000061035156,
    45.939998626708984,
    48.029998779296875,
    47.97999954223633,
    46.08000183105469,
    46.439998626708984,
    47.90999984741211,
    47.31999969482422,
    48.630001068115234,
    49.91999816894531,
    50.16999816894531,
    49.790000915527344,
    49.689998626708984,
    49.43000030517578,
    52.599998474121094,
    55.2400016784668,
    55.540000915527344,
    55.369998931884766,
    55.90999984741211,
    56.2400016784668,
    56.22999954223633,
    57.13999938964844,
    57.70000076293945,
    58.18000030517578,
    57.7400016784668,
    57.2599983215332,
    57.77000045776367,
    56.790000915527344,
    58.47999954223633,
    58.68000030517578,
    58.130001068115234,
    58.45000076293945,
    56.93000030517578,
    58.970001220703125,
    57.25,
    58.380001068115234,
    58.93000030517578,
    59.630001068115234,
    59.349998474121094,
    58.70000076293945,
    57.880001068115234,
    58.529998779296875,
    55.2400016784668,
    58.36000061035156,
    58.83000183105469,
    57.849998474121094,
    56.79999923706055,
    56.650001525878906,
    56.61000061035156,
    58.45000076293945,
    59.47999954223633,
    58.029998779296875,
    57.9900016784668,
    57.38999938964844,
    58.81999969482422,
    58.59000015258789,
    58.439998626708984,
    56.2400016784668,
    58.02000045776367,
    58.81999969482422,
    57.779998779296875,
    59.279998779296875,
    59.400001525878906,
    58.84000015258789,
    58.47999954223633,
    58.08000183105469,
    58.130001068115234,
    59.459999084472656,
    58.810001373291016,
    59.36000061035156,
    58.400001525878906,
    58.790000915527344,
    58.040000915527344,
    58.2400016784668,
    58.66999816894531,
    57.560001373291016,
    55.689998626708984,
    58.650001525878906,
    60.15999984741211,
    58.41999816894531,
    58.65999984741211,
    57.5099983215332,
    59.119998931884766,
    58.15999984741211,
    59.43000030517578,
    57.650001525878906,
    57.040000915527344,
    56.38999938964844,
    58.529998779296875,
    57.650001525878906,
    56.65999984741211,
    56.47999954223633,
    58.310001373291016,
    56.380001068115234,
    57.27000045776367,
    58.43000030517578,
    57.15999984741211,
    58.91999816894531
  ],
  "FedMV": [
    10.09000015258789,
    10.0,
    14.520000457763672,
    16.56999969482422,
    12.779999732971191,
    15.59000015258789,
    9.930000305175781,
    10.100000381469727,
    10.100000381469727,
    10.0,
    10.020000457763672,
    10.09000015258789,
    10.0600004196167,
    9.989999771118164,
    10.010000228881836,
    10.0,
    10.550000190734863,
    10.149999618530273,
    10.119999885559082,
    9.979999542236328,
    9.930000305175781,
    9.729999542236328,
    9.529999732971191,
    7.940000057220459,
    11.960000038146973,
    12.680000305175781,
    11.779999732971191,
    10.109999656677246,
    10.09000015258789,
    9.859999656677246,
    10.130000114440918,
    9.239999771118164,
    9.9399995803833,
    10.220000267028809,
    10.710000038146973,
    11.260000228881836,
    12.390000343322754,
    11.800000190734863,
    11.90999984741211,
    11.850000381469727,
    11.020000457763672,
    12.800000190734863,
    11.40999984741211,
    11.600000381469727,
    12.029999732971191,
    12.180000305175781,
    11.579999923706055,
    10.109999656677246,
    10.220000267028809,
    10.779999732971191,
    11.100000381469727,
    12.170000076293945,
    9.609999656677246,
    9.109999656677246,
    15.619999885559082,
    11.40999984741211,
    11.279999732971191,
    10.210000038146973,
    10.739999771118164,
    10.050000190734863,
    10.350000381469727,
    9.989999771118164,
    10.9399995803833,
    9.819999694824219,
    10.569999694824219,
    10.850000381469727,
    10.710000038146973,
    11.470000267028809,
    10.029999732971191,
    11.979999542236328,
    11.270000457763672,
    10.489999771118164,
    13.399999618530273,
    10.34000015258789,
    14.550000190734863,
    14.380000114440918,
    12.25,
    10.59000015258789,
    13.609999656677246,
    14.149999618530273,
    9.739999771118164,
    10.020000457763672,
    9.640000343322754,
    10.829999923706055,
    14.140000343322754,
    12.34000015258789,
    11.199999809265137,
    12.180000305175781,
    14.739999771118164,
    10.390000343322754,
    10.800000190734863,
    12.15999984741211,
    10.149999618530273,
    10.420000076293945,
    11.579999923706055,
    13.40999984741211,
    12.25,
    11.020000457763672,
    11.640000343322754,
    13.9399995803833
  ],