{
  "CLG_Mut_2": [
    18.84000015258789,
    26.360000610351562,
    30.920000076293945,
    33.630001068115234,
    34.349998474121094,
    38.22999954223633,
    41.7400016784668,
    39.2400016784668,
    41.75,
    40.599998474121094,
    41.79999923706055,
    41.33000183105469,
    42.380001068115234,
    44.08000183105469,
    43.150001525878906,
    42.68000030517578,
    44.869998931884766,
    44.43000030517578,
    43.470001220703125,
    46.279998779296875,
    47.2400016784668,
    47.630001068115234,
    47.720001220703125,
    45.45000076293945,
    48.45000076293945,
    49.61000061035156,
    46.189998626708984,
    48.470001220703125,
    50.36000061035156,
    48.619998931884766,
    47.709999084472656,
    48.4900016784668,
    47.34000015258789,
    45.56999969482422,
    46.45000076293945,
    48.369998931884766,
    48.72999954223633,
    48.41999816894531,
    45.790000915527344,
    47.599998474121094,
    47.68000030517578,
    43.27000045776367,
    48.869998931884766,
    48.970001220703125,
    52.310001373291016,
    52.810001373291016,
    50.310001373291016,
    50.880001068115234,
    45.18000030517578,
    48.689998626708984,
    50.279998779296875,
    47.7599983215332,
    46.20000076293945,
    48.02000045776367,
    48.689998626708984,
    49.95000076293945,
    49.2400016784668,
    46.900001525878906,
    49.040000915527344,
    50.81999969482422,
    49.650001525878906,
    49.33000183105469,
    47.209999084472656,
    45.59000015258789,
    49.900001525878906,
    49.029998779296875,
    49.81999969482422,
    48.869998931884766,
    49.650001525878906,
    47.84000015258789,
    49.040000915527344,
    49.59000015258789,
    49.310001373291016,
    48.900001525878906,
    48.52000045776367,
    50.04999923706055,
    48.869998931884766,
    48.08000183105469,
    48.709999084472656,
    49.18000030517578,
    49.93000030517578,
    49.099998474121094,
    48.18000030517578,
    45.58000183105469,
    45.7400016784668,
    51.810001373291016,
    50.400001525878906,
    46.22999954223633,
    49.34000015258789,
    48.599998474121094,
    49.45000076293945,
    47.45000076293945,
    49.11000061035156,
    46.9900016784668,
    49.66999816894531,
    48.90999984741211,
    46.400001525878906,
    48.150001525878906,
    49.439998626708984,
    44.90999984741211
  ],
  "Server_only": [
    20.229999542236328,
    27.290000915527344,
    28.8700008392334,
    28.299999237060547,
    28.610000610351562,
    33.599998474121094,
    32.5,
    35.709999084472656,
    34.47999954223633,
    32.97999954223633,
    37.61000061035156,
    37.970001220703125,
    38.79999923706055,
    37.02000045776367,
    39.040000915527344,
    37.56999969482422,
    39.119998931884766,
    38.4900016784668,
    39.209999084472656,
    36.2599983215332,
    38.5099983215332,
    36.56999969482422,
    37.439998626708984,
    37.9900016784668,
    39.11000061035156,
    38.720001220703125,
    38.72999954223633,
    38.650001525878906,
    38.4900016784668,
    38.47999954223633,
    38.38999938964844,
    39.369998931884766,
    38.630001068115234,
    38.31999969482422,
    38.790000915527344,
    38.599998474121094,
    38.86000061035156,
    38.349998474121094,
    38.58000183105469,
    38.540000915527344,
    38.900001525878906,
    38.79999923706055,
    38.86000061035156,
    38.04999923706055,
    39.11000061035156,
    38.47999954223633,
    38.54999923706055,
    38.529998779296875,
    38.619998931884766,
    39.130001068115234,
    38.54999923706055,
    38.68000030517578,
    38.36000061035156,
    38.400001525878906,
    38.150001525878906,
    38.650001525878906,
    38.18000030517578,
    38.4900016784668,
    38.06999969482422,
    38.47999954223633,
    38.31999969482422,
    39.040000915527344,
    38.29999923706055,
    38.40999984741211,
    38.27000045776367,
    38.720001220703125,
    38.27000045776367,
    38.84000015258789,
    38.4900016784668,
    38.47999954223633,
    38.619998931884766,
    38.380001068115234,
    38.31999969482422,
    38.4900016784668,
    38.380001068115234,
    38.86000061035156,
    38.47999954223633,
    38.400001525878906,
    38.7599983215332,
    38.540000915527344,
    38.65999984741211,
    38.310001373291016,
    38.13999938964844,
    38.36000061035156,
    38.36000061035156,
    38.79999923706055,
    37.52000045776367,
    38.68000030517578,
    38.41999816894531,
    37.119998931884766,
    38.529998779296875,
    38.439998626708984,
    38.290000915527344,
    38.81999969482422,
    38.2599983215332,
    38.900001525878906,
    38.029998779296875,
    38.5,
    38.15999984741211,
    38.75
  ],
  "HybridFL": [
    16.399999618530273,
    19.290000915527344,
    25.579999923706055,
    32.33000183105469,
    20.799999237060547,
    31.850000381469727,
    34.38999938964844,
    32.43000030517578,
    37.16999816894531,
    37.43000030517578,
    36.849998474121094,
    35.369998931884766,
    38.060001373291016,
    35.02000045776367,
    34.63999938964844,
    38.150001525878906,
    29.799999237060547,
    37.45000076293945,
    33.77000045776367,
    37.43000030517578,
    37.470001220703125,
    41.08000183105469,
    38.619998931884766,
    44.27000045776367,
    43.09000015258789,
    41.45000076293945,
    37.560001373291016,
    40.529998779296875,
    36.56999969482422,
    40.900001525878906,
    39.97999954223633,
    35.86000061035156,
    40.5099983215332,
    40.34000015258789,
    39.400001525878906,
    39.630001068115234,
    41.220001220703125,
    35.34000015258789,
    38.02000045776367,
    40.9900016784668,
    43.77000045776367,
    40.47999954223633,
    43.439998626708984,
    38.25,
    46.630001068115234,
    42.43000030517578,
    41.720001220703125,
    43.20000076293945,
    43.619998931884766,
    40.369998931884766,
    40.43000030517578,
    42.58000183105469,
    45.16999816894531,
    44.689998626708984,
    41.56999969482422,
    40.65999984741211,
    42.06999969482422,
    40.90999984741211,
    41.22999954223633,
    43.0,
    44.45000076293945,
    37.290000915527344,
    44.41999816894531,
    42.060001373291016,
    44.63999938964844,
    43.849998474121094,
    46.290000915527344,
    42.439998626708984,
    43.099998474121094,
    42.599998474121094,
    44.38999938964844,
    41.61000061035156,
    44.290000915527344,
    45.2400016784668,
    42.2400016784668,
    44.619998931884766,
    43.119998931884766,
    42.81999969482422,
    43.34000015258789,
    45.56999969482422,
    44.130001068115234,
    44.900001525878906,
    44.84000015258789,
    43.63999938964844,
    41.93000030517578,
    43.16999816894531,
    45.720001220703125,
    40.02000045776367,
    45.25,
    42.95000076293945,
    42.7599983215332,
    41.88999938964844,
    44.29999923706055,
    48.290000915527344,
    39.709999084472656,
    45.02000045776367,
    44.029998779296875,
    45.369998931884766,
    45.880001068115234,
    43.18000030517578
  ],