{
  "HybridFL": [
    5.0,
    5.010000228881836,
    8.479999542236328,
    9.210000038146973,
    9.649999618530273,
    11.579999923706055,
    17.889999389648438,
    19.1299991607666,
    17.020000457763672,
    18.56999969482422,
    20.219999313354492,
    17.93000030517578,
    19.520000457763672,
    20.670000076293945,
    21.440000534057617,
    25.850000381469727,
    18.950000762939453,
    28.299999237060547,
    21.760000228881836,
    26.100000381469727,
    25.25,
    24.59000015258789,
    26.93000030517578,
    24.209999084472656,
    28.149999618530273,
    30.8700008392334,
    26.65999984741211,
    30.43000030517578,
    32.220001220703125,
    31.829999923706055,
    32.7599983215332,
    34.79999923706055,
    32.90999984741211,
    32.61000061035156,
    32.900001525878906,
    32.4900016784668,
    30.209999084472656,
    33.4900016784668,
    33.79999923706055,
    26.469999313354492,
    33.43000030517578,
    36.529998779296875,
    30.219999313354492,
    33.97999954223633,
    34.58000183105469,
    27.760000228881836,
    32.189998626708984,
    32.04999923706055,
    39.650001525878906,
    31.06999969482422,
    35.529998779296875,
    35.849998474121094,
    29.43000030517578,
    36.599998474121094,
    29.920000076293945,
    35.70000076293945,
    38.0099983215332,
    37.33000183105469,
    31.770000457763672,
    38.95000076293945,
    38.529998779296875,
    33.36000061035156,
    31.780000686645508,
    36.380001068115234,
    34.150001525878906,
    35.31999969482422,
    38.40999984741211,
    37.36000061035156,
    35.95000076293945,
    36.380001068115234,
    38.529998779296875,
    38.779998779296875,
    33.459999084472656,
    38.380001068115234,
    38.540000915527344,
    38.27000045776367,
    38.689998626708984,
    42.13999938964844,
    38.349998474121094,
    36.90999984741211,
    35.90999984741211,
    41.95000076293945,
    36.0,
    39.11000061035156,
    39.36000061035156,
    39.58000183105469,
    39.349998474121094,
    36.75,
    40.040000915527344,
    34.150001525878906,
    40.130001068115234,
    35.119998931884766,
    37.5,
    43.2599983215332,
    42.380001068115234,
    41.779998779296875,
    41.529998779296875,
    41.36000061035156,
    41.34000015258789,
    40.36000061035156
  ],
  "FedDU_Mut": [
    14.430000305175781,
    16.760000228881836,
    19.329999923706055,
    20.829999923706055,
    25.469999313354492,
    22.15999984741211,
    26.780000686645508,
    24.389999389648438,
    25.690000534057617,
    25.719999313354492,
    27.530000686645508,
    29.329999923706055,
    26.389999389648438,
    27.6299991607666,
    29.709999084472656,
    31.719999313354492,
    31.8700008392334,
    32.2599983215332,
    32.70000076293945,
    33.11000061035156,
    34.13999938964844,
    34.25,
    34.029998779296875,
    34.90999984741211,
    35.88999938964844,
    34.959999084472656,
    34.7599983215332,
    34.77000045776367,
    35.040000915527344,
    35.84000015258789,
    36.47999954223633,
    37.09000015258789,
    37.31999969482422,
    36.689998626708984,
    38.06999969482422,
    37.810001373291016,
    37.599998474121094,
    38.4900016784668,
    38.22999954223633,
    37.47999954223633,
    38.75,
    38.83000183105469,
    39.13999938964844,
    39.9900016784668,
    40.380001068115234,
    39.849998474121094,
    39.810001373291016,
    40.029998779296875,
    39.41999816894531,
    38.22999954223633,
    39.70000076293945,
    40.18000030517578,
    41.18000030517578,
    39.34000015258789,
    42.06999969482422,
    40.72999954223633,
    40.540000915527344,
    40.81999969482422,
    41.650001525878906,
    41.34000015258789,
    40.33000183105469,
    40.56999969482422,
    41.970001220703125,
    41.68000030517578,
    41.540000915527344,
    40.68000030517578,
    41.34000015258789,
    41.150001525878906,
    41.130001068115234,
    41.33000183105469,
    41.68000030517578,
    40.81999969482422,
    43.04999923706055,
    42.18000030517578,
    43.2599983215332,
    42.86000061035156,
    42.09000015258789,
    42.279998779296875,
    41.369998931884766,
    40.9900016784668,
    39.91999816894531,
    42.11000061035156,
    42.83000183105469,
    42.16999816894531,
    43.90999984741211,
    43.93000030517578,
    42.810001373291016,
    43.060001373291016,
    45.029998779296875,
    44.25,
    43.310001373291016,
    41.95000076293945,
    41.40999984741211,
    43.029998779296875,
    42.310001373291016,
    43.5,
    43.599998474121094,
    44.290000915527344,
    43.81999969482422,
    42.7599983215332
  ]
}