{
  "Server_only": [
    4.643655776977539,
    18.908607482910156,
    1.3792622089385986,
    4.643655776977539,
    1.6615427732467651,
    4.643655776977539,
    17.024873733520508,
    4.643655776977539,
    3.5676355361938477,
    10.539407730102539,
    13.180547714233398,
    13.072945594787598,
    15.844046592712402,
    15.296255111694336,
    16.756567001342773,
    19.766630172729492,
    18.922582626342773,
    17.467859268188477,
    20.417831420898438,
    20.23197364807129,
    18.883455276489258,
    19.83510398864746,
    17.30715560913086,
    18.215482711791992,
    22.377025604248047,
    19.494131088256836,
    22.977920532226562,
    23.753494262695312,
    23.89603042602539,
    24.086082458496094,
    25.2808837890625,
    24.104248046875,
    27.269424438476562,
    26.330352783203125,
    26.79709243774414,
    26.141698837280273,
    27.252655029296875,
    27.079374313354492,
    27.089155197143555,
    28.017047882080078,
    29.603130340576172,
    28.177753448486328,
    29.073505401611328,
    27.764114379882812,
    30.53661346435547,
    28.500558853149414,
    30.41922950744629,
    30.037731170654297,
    30.695919036865234,
    30.11738395690918,
    28.947736740112305,
    31.10396957397461,
    31.58049201965332,
    30.610675811767578,
    30.65399742126465,
    31.474287033081055,
    31.527389526367188,
    31.018726348876953,
    28.74790382385254,
    31.450531005859375,
    30.290664672851562,
    30.248743057250977,
    30.72945785522461,
    30.56456184387207,
    29.255170822143555,
    29.97903823852539,
    29.917551040649414,
    28.735326766967773,
    29.9720516204834,
    29.468976974487305,
    28.366405487060547,
    28.880659103393555,
    29.017606735229492,
    29.238401412963867,
    28.532699584960938,
    27.836780548095703,
    27.989099502563477,
    26.611234664916992,
    27.915037155151367,
    27.342090606689453,
    27.069591522216797,
    26.22554588317871,
    26.22135353088379,
    26.212968826293945,
    25.96562385559082,
    25.243152618408203,
    25.5491886138916,
    25.463945388793945,
    25.859418869018555,
    24.329235076904297,
    24.938512802124023,
    25.019563674926758,
    24.681386947631836,
    25.019563674926758,
    24.990217208862305,
    23.91140365600586,
    24.682783126831055,
    24.71772003173828,
    24.24259376525879,
    24.66880989074707
  ],
  "HybridFL": [
    18.908607482910156,
    18.908607482910156,
    18.908607482910156,
    18.908607482910156,
    18.908607482910156,
    18.908607482910156,
    18.908607482910156,
    18.908607482910156,
    18.908607482910156,
    18.908607482910156,
    18.908607482910156,
    18.908607482910156,
    18.908607482910156,
    18.908607482910156,
    18.908607482910156,
    18.908607482910156,
    18.908607482910156,
    18.908607482910156,
    18.908607482910156,
    18.908607482910156,
    18.908607482910156,
    18.908607482910156,
    18.908607482910156,
    18.908607482910156,
    18.910005569458008,
    18.908607482910156,
    18.91559600830078,
    18.858301162719727,
    19.130800247192383,
    19.57518196105957,
    20.134153366088867,
    20.191448211669922,
    20.63303565979004,
    21.03689193725586,
    21.428173065185547,
    21.988540649414062,
    22.83258819580078,
    23.155393600463867,
    23.764673233032227,
    23.89323616027832,
    23.856903076171875,
    24.1321964263916,
    24.418668746948242,
    24.452207565307617,
    24.509502410888672,
    24.5067081451416,
    24.700950622558594,
    24.657629013061523,
    24.73448944091797,
    24.822526931762695,
    24.938512802124023,
    24.977642059326172,
    24.937116622924805,
    24.956680297851562,
    24.95528221130371,
    25.016769409179688,
    25.043319702148438,
    25.106204986572266,
    25.115985870361328,
    25.184459686279297,
    25.272499084472656,
    25.54220199584961,
    25.749021530151367,
    26.7635555267334,
    27.277809143066406,
    27.676076889038086,
    28.26020050048828,
    28.532699584960938,
    28.563444137573242,
    28.746505737304688,
    28.83873748779297,
    29.10564613342285,
    29.086082458496094,
    29.217439651489258,
    29.278926849365234,
    29.369760513305664,
    29.583566665649414,
    29.90357780456543,
    29.939910888671875,
    29.98183250427246,
    30.417831420898438,
    30.089435577392578,
    30.740636825561523,
    31.029905319213867,
    30.887367248535156,
    31.41140365600586,
    31.287031173706055,
    31.60284996032715,
    31.84600257873535,
    31.692285537719727,
    31.84320831298828,
    32.00810623168945,
    32.22051239013672,
    32.185577392578125,
    32.34209060668945,
    32.45388412475586,
    32.84376907348633,
    33.215484619140625,
    33.55924987792969,
    33.39714813232422
  ],
  "CLG_SGD": [
    12.152040481567383,
    18.908607482910156,
    4.643655776977539,
    4.642258167266846,
    4.643655776977539,
    4.643655776977539,
    18.873672485351562,
    2.98071551322937,
    11.528786659240723,
    10.139742851257324,
    16.119340896606445,
    18.801006317138672,
    20.055896759033203,
    19.984628677368164,
    19.582168579101562,
    20.929290771484375,
    19.81414222717285,
    19.15595245361328,
    18.863889694213867,
    21.946619033813477,
    21.74538803100586,
    22.24147605895996,
    22.771100997924805,
    22.634153366088867,
    24.579374313354492,
    25.761598587036133,
    27.386808395385742,
    25.56735610961914,
    25.969816207885742,
    27.188373565673828,
    27.031862258911133,
    28.995248794555664,
    27.318334579467773,
    29.64784812927246,
    29.091670989990234,
    30.177473068237305,
    30.617664337158203,
    30.54499626159668,
    33.29234313964844,
    30.740636825561523,
    32.31414031982422,
    31.688093185424805,
    32.50558853149414,
    33.05757522583008,
    33.90022277832031,
    33.62912368774414,
    33.133033752441406,
    32.49441146850586,
    32.019283294677734,
    34.418670654296875,
    32.159027099609375,
    32.23448944091797,
    32.89686965942383,
    32.08915710449219,
    33.35382843017578,
    33.62632751464844,
    33.173561096191406,
    32.97372817993164,
    34.132198333740234,
    33.4334831237793,
    31.623811721801758,
    32.53633499145508,
    32.199554443359375,
    31.74259376525879,
    31.229738235473633,
    32.585243225097656,
    30.510061264038086,
    31.331748962402344,
    31.319171905517578,
    30.596702575683594,
    30.89295768737793,
    30.75321388244629,
    29.7191162109375,
    30.24175453186035,
    30.554779052734375,
    28.93795394897461,
    29.492733001708984,
    29.284517288208008,
    29.512296676635742,
    29.134990692138672,
    29.023197174072266,
    27.965343475341797,
    28.694801330566406,
    28.742313385009766,
    28.87227439880371,
    28.599777221679688,
    28.341251373291016,
    28.221073150634766,
    27.91922950744629,
    28.162382125854492,
    28.415315628051758,
    28.44186782836914,
    28.602571487426758,
    28.134431838989258,
    28.124650955200195,
    28.204303741455078,
    28.04080581665039,
    27.97093391418457,
    28.293739318847656,
    28.165176391601562
  ],