{
  "Fed_S": [
    4.643655776977539,
    18.908607482910156,
    18.908607482910156,
    1.3792622089385986,
    4.38093900680542,
    3.2140860557556152,
    18.405534744262695,
    7.948574542999268,
    15.129961013793945,
    14.249580383300781,
    17.839574813842773,
    19.52347755432129,
    19.886808395385742,
    18.195919036865234,
    19.023197174072266,
    19.29150390625,
    20.91950798034668,
    20.934879302978516,
    20.525432586669922,
    22.554500579833984,
    21.750978469848633,
    23.6109561920166,
    24.393516540527344,
    22.553102493286133,
    26.52878761291504,
    25.788148880004883,
    27.694242477416992,
    27.963945388793945,
    27.015092849731445,
    26.852991104125977,
    28.433483123779297,
    26.760759353637695,
    28.11207389831543,
    29.93152618408203,
    28.53409767150879,
    28.313302993774414,
    30.631637573242188,
    30.512855529785156,
    32.652320861816406,
    31.667133331298828,
    29.696758270263672,
    32.80463790893555,
    32.32392501831055,
    32.83817672729492,
    33.242034912109375,
    34.70793914794922,
    32.36444854736328,
    34.478759765625,
    31.530183792114258,
    32.0695915222168,
    34.657630920410156,
    34.50251388549805,
    33.77445602416992,
    33.43208312988281,
    34.18110656738281,
    33.51034164428711,
    32.4972038269043,
    32.418949127197266,
    31.467300415039062,
    34.230018615722656,
    32.72358703613281,
    33.68641662597656,
    32.26103973388672,
    31.93264389038086,
    32.07378387451172,
    31.263275146484375,
    32.31414031982422,
    31.783119201660156,
    30.94745635986328,
    30.9614315032959,
    30.14113998413086,
    29.618501663208008,
    29.991615295410156,
    30.1215763092041,
    29.565399169921875,
    29.69536018371582,
    29.584962844848633,
    29.445220947265625,
    28.404136657714844,
    28.475404739379883,
    28.507545471191406,
    29.041364669799805,
    27.842370986938477,
    28.219675064086914,
    28.60676383972168,
    27.863330841064453,
    28.739519119262695,
    28.318893432617188,
    28.21129035949707,
    28.13862419128418,
    28.15399742126465,
    28.145612716674805,
    27.846561431884766,
    27.540525436401367,
    27.698434829711914,
    28.017047882080078,
    27.913639068603516,
    27.43012809753418,
    27.76551055908203,
    27.881498336791992
  ],
  "FedDU": [
    18.908607482910156,
    18.908607482910156,
    18.908607482910156,
    18.908607482910156,
    18.908607482910156,
    18.908607482910156,
    18.908607482910156,
    18.908607482910156,
    18.908607482910156,
    18.908607482910156,
    18.908607482910156,
    18.908607482910156,
    18.908607482910156,
    18.908607482910156,
    18.908607482910156,
    18.908607482910156,
    18.908607482910156,
    18.908607482910156,
    18.908607482910156,
    18.908607482910156,
    18.908607482910156,
    18.908607482910156,
    18.908607482910156,
    18.908607482910156,
    18.908607482910156,
    18.908607482910156,
    18.908607482910156,
    18.908607482910156,
    18.910005569458008,
    18.816377639770508,
    18.858301162719727,
    18.904415130615234,
    19.021799087524414,
    19.75824546813965,
    20.194242477416992,
    20.531023025512695,
    20.61347198486328,
    21.141698837280273,
    21.383455276489258,
    21.634990692138672,
    21.896310806274414,
    22.297372817993164,
    22.304359436035156,
    22.506986618041992,
    23.524314880371094,
    23.552263259887695,
    23.68222427368164,
    24.069313049316406,
    24.073505401611328,
    24.1978759765625,
    24.425657272338867,
    24.41028594970703,
    24.65064239501953,
    24.62688636779785,
    24.74287223815918,
    24.76383399963379,
    24.83370590209961,
    24.893795013427734,
    24.888206481933594,
    24.95528221130371,
    24.995807647705078,
    24.93152618408203,
    24.946897506713867,
    24.990217208862305,
    25.012577056884766,
    25.074064254760742,
    25.06987190246582,
    25.173280715942383,
    25.313024520874023,
    25.42621612548828,
    25.389883041381836,
    25.698715209960938,
    25.510061264038086,
    26.180828094482422,
    26.523197174072266,
    27.38261604309082,
    28.074342727661133,
    28.362213134765625,
    28.479597091674805,
    28.652877807617188,
    28.594186782836914,
    29.295696258544922,
    29.401901245117188,
    29.52627182006836,
    29.6939640045166,
    29.608720779418945,
    29.62548828125,
    29.565399169921875,
    29.793180465698242,
    29.83650016784668,
    29.95807647705078,
    29.988821029663086,
    30.554779052734375,
    30.47233009338379,
    30.342370986938477,
    30.779766082763672,
    31.071826934814453,
    30.87758445739746,
    31.408607482910156,
    31.313583374023438
  ],
  "FedDU_Mut": [
    18.908607482910156,
    18.908607482910156,
    18.908607482910156,
    18.908607482910156,
    18.908607482910156,
    18.908607482910156,
    18.908607482910156,
    18.908607482910156,
    18.908607482910156,
    18.908607482910156,
    18.910005569458008,
    18.8233642578125,
    19.313861846923828,
    19.983230590820312,
    20.65958595275879,
    21.86277198791504,
    22.214923858642578,
    23.068754196166992,
    23.46702003479004,
    24.3571834564209,
    24.394912719726562,
    24.65064239501953,
    24.772218704223633,
    25.005590438842773,
    25.104806900024414,
    25.276691436767578,
    25.621856689453125,
    26.06064796447754,
    26.894912719726562,
    27.96674156188965,
    28.673839569091797,
    28.879262924194336,
    29.257965087890625,
    29.5039119720459,
    29.531862258911133,
    29.88261604309082,
    29.843488693237305,
    30.14533233642578,
    30.23756217956543,
    30.514253616333008,
    30.697317123413086,
    30.87339210510254,
    31.43935203552246,
    31.588876724243164,
    31.854387283325195,
    32.37562942504883,
    32.12968063354492,
    32.52655029296875,
    32.5936279296875,
    32.35886001586914,
    32.67188262939453,
    32.87031936645508,
    32.747344970703125,
    32.99049758911133,
    33.11626434326172,
    33.18893051147461,
    33.55924987792969,
    33.4921760559082,
    33.65986633300781,
    33.903018951416016,
    33.70318603515625,
    34.12940216064453,
    33.84851837158203,
    34.538848876953125,
    34.58356475830078,
    34.66182327270508,
    34.9972038269043,
    34.80156326293945,
    35.41783142089844,
    35.55757522583008,
    35.08803939819336,
    35.64561080932617,
    36.04248046875,
    35.89016342163086,
    36.03269958496094,
    36.15008544921875,
    36.141700744628906,
    36.351314544677734,
    36.67132568359375,
    36.798492431640625,
    36.68110656738281,
    36.86277389526367,
    37.07937240600586,
    37.02207946777344,
    37.0318603515625,
    37.35466766357422,
    37.611793518066406,
    37.305755615234375,
    37.199554443359375,
    37.455284118652344,
    38.028228759765625,
    37.69703674316406,
    38.22386932373047,
    38.05757522583008,
    38.32588195800781,
    38.200111389160156,
    38.121856689453125,
    38.20290756225586,
    38.41531753540039,
    38.48518753051758
  ]
}