{
  "HybridFL": [
    5.0,
    5.050000190734863,
    8.529999732971191,
    7.309999942779541,
    9.140000343322754,
    10.1899995803833,
    16.459999084472656,
    19.59000015258789,
    17.399999618530273,
    18.770000457763672,
    21.270000457763672,
    18.25,
    20.84000015258789,
    22.729999542236328,
    22.020000457763672,
    26.049999237060547,
    18.639999389648438,
    28.260000228881836,
    22.040000915527344,
    26.030000686645508,
    26.579999923706055,
    25.149999618530273,
    28.59000015258789,
    27.200000762939453,
    29.440000534057617,
    32.81999969482422,
    27.15999984741211,
    28.399999618530273,
    31.639999389648438,
    33.41999816894531,
    32.849998474121094,
    34.689998626708984,
    34.04999923706055,
    33.27000045776367,
    33.77000045776367,
    31.799999237060547,
    30.489999771118164,
    34.15999984741211,
    33.380001068115234,
    27.600000381469727,
    29.59000015258789,
    36.34000015258789,
    29.579999923706055,
    31.670000076293945,
    33.869998931884766,
    30.260000228881836,
    30.850000381469727,
    31.350000381469727,
    39.7599983215332,
    33.34000015258789,
    36.5099983215332,
    36.11000061035156,
    29.520000457763672,
    36.25,
    29.020000457763672,
    34.90999984741211,
    37.38999938964844,
    37.91999816894531,
    32.52000045776367,
    37.9900016784668,
    37.93000030517578,
    32.54999923706055,
    32.7599983215332,
    36.900001525878906,
    32.290000915527344,
    34.81999969482422,
    36.90999984741211,
    35.619998931884766,
    35.58000183105469,
    35.779998779296875,
    38.459999084472656,
    33.97999954223633,
    32.060001373291016,
    37.91999816894531,
    38.189998626708984,
    37.27000045776367,
    39.459999084472656,
    42.099998474121094,
    37.400001525878906,
    35.31999969482422,
    36.560001373291016,
    42.93000030517578,
    36.209999084472656,
    39.4900016784668,
    38.959999084472656,
    39.7599983215332,
    38.88999938964844,
    37.459999084472656,
    40.25,
    33.79999923706055,
    40.849998474121094,
    34.91999816894531,
    37.540000915527344,
    42.61000061035156,
    42.459999084472656,
    41.849998474121094,
    42.77000045776367,
    41.40999984741211,
    40.58000183105469,
    40.45000076293945
  ],
  "FedDU_Mut": [
    15.170000076293945,
    17.350000381469727,
    19.780000686645508,
    21.639999389648438,
    23.8799991607666,
    23.280000686645508,
    25.3700008392334,
    24.3799991607666,
    25.510000228881836,
    25.780000686645508,
    29.200000762939453,
    29.420000076293945,
    28.889999389648438,
    30.469999313354492,
    31.290000915527344,
    31.809999465942383,
    32.13999938964844,
    31.90999984741211,
    32.63999938964844,
    33.459999084472656,
    34.2400016784668,
    34.72999954223633,
    34.220001220703125,
    35.869998931884766,
    35.88999938964844,
    36.16999816894531,
    35.54999923706055,
    35.84000015258789,
    35.83000183105469,
    36.68000030517578,
    36.540000915527344,
    36.95000076293945,
    37.81999969482422,
    37.540000915527344,
    39.130001068115234,
    37.599998474121094,
    36.95000076293945,
    38.95000076293945,
    38.75,
    37.16999816894531,
    39.310001373291016,
    39.290000915527344,
    38.91999816894531,
    39.619998931884766,
    40.58000183105469,
    39.81999969482422,
    40.56999969482422,
    40.86000061035156,
    39.18000030517578,
    38.4900016784668,
    40.529998779296875,
    40.72999954223633,
    41.31999969482422,
    39.7400016784668,
    43.380001068115234,
    40.5,
    40.869998931884766,
    41.5099983215332,
    42.02000045776367,
    41.150001525878906,
    41.16999816894531,
    41.52000045776367,
    43.290000915527344,
    42.65999984741211,
    42.72999954223633,
    41.849998474121094,
    42.20000076293945,
    41.31999969482422,
    41.459999084472656,
    42.40999984741211,
    42.810001373291016,
    41.18000030517578,
    44.189998626708984,
    42.84000015258789,
    44.540000915527344,
    43.77000045776367,
    43.439998626708984,
    43.09000015258789,
    42.04999923706055,
    42.810001373291016,
    41.709999084472656,
    43.5,
    42.790000915527344,
    42.75,
    44.25,
    44.310001373291016,
    43.970001220703125,
    43.63999938964844,
    44.650001525878906,
    44.880001068115234,
    42.939998626708984,
    42.959999084472656,
    41.599998474121094,
    43.15999984741211,
    41.7400016784668,
    44.15999984741211,
    43.97999954223633,
    44.619998931884766,
    44.47999954223633,
    43.560001373291016
  ]
}