{
  "HybridFL": [
    7.579999923706055,
    7.880000114440918,
    14.520000457763672,
    15.380000114440918,
    18.209999084472656,
    20.559999465942383,
    21.889999389648438,
    23.639999389648438,
    25.6200008392334,
    25.700000762939453,
    28.270000457763672,
    28.25,
    29.889999389648438,
    31.239999771118164,
    33.150001525878906,
    30.8799991607666,
    33.97999954223633,
    37.7400016784668,
    36.209999084472656,
    37.79999923706055,
    39.54999923706055,
    39.90999984741211,
    40.91999816894531,
    42.099998474121094,
    40.91999816894531,
    42.119998931884766,
    43.81999969482422,
    43.84000015258789,
    44.38999938964844,
    44.81999969482422,
    44.0099983215332,
    42.65999984741211,
    45.189998626708984,
    43.529998779296875,
    44.439998626708984,
    46.119998931884766,
    46.63999938964844,
    46.790000915527344,
    45.22999954223633,
    46.9900016784668,
    47.279998779296875,
    45.939998626708984,
    47.630001068115234,
    47.47999954223633,
    47.459999084472656,
    49.040000915527344,
    47.79999923706055,
    49.66999816894531,
    47.439998626708984,
    48.279998779296875,
    48.45000076293945,
    49.31999969482422,
    50.529998779296875,
    50.119998931884766,
    48.58000183105469,
    49.119998931884766,
    50.970001220703125,
    49.459999084472656,
    50.7400016784668,
    50.130001068115234,
    51.9900016784668,
    51.34000015258789,
    50.619998931884766,
    50.95000076293945,
    51.15999984741211,
    52.060001373291016,
    51.2599983215332,
    51.59000015258789,
    48.93000030517578,
    51.7599983215332,
    51.66999816894531,
    52.72999954223633,
    51.2599983215332,
    52.22999954223633,
    52.33000183105469,
    51.91999816894531,
    52.060001373291016,
    52.70000076293945,
    52.86000061035156,
    51.04999923706055,
    52.529998779296875,
    52.75,
    53.650001525878906,
    52.9900016784668,
    52.66999816894531,
    53.59000015258789,
    53.27000045776367,
    53.45000076293945,
    51.869998931884766,
    52.779998779296875,
    53.83000183105469,
    51.619998931884766,
    53.400001525878906,
    53.5099983215332,
    52.0,
    53.27000045776367,
    53.9900016784668,
    53.790000915527344,
    54.06999969482422,
    54.0099983215332
  ],
  "FedDU_Mut": [
    5.03000020980835,
    11.130000114440918,
    16.389999389648438,
    18.739999771118164,
    23.110000610351562,
    24.200000762939453,
    27.690000534057617,
    29.559999465942383,
    32.119998931884766,
    33.4900016784668,
    35.619998931884766,
    36.689998626708984,
    38.5,
    39.31999969482422,
    40.279998779296875,
    40.66999816894531,
    42.65999984741211,
    42.45000076293945,
    43.25,
    43.400001525878906,
    44.900001525878906,
    44.97999954223633,
    45.25,
    45.619998931884766,
    46.09000015258789,
    46.150001525878906,
    46.56999969482422,
    46.560001373291016,
    46.130001068115234,
    47.939998626708984,
    48.79999923706055,
    48.09000015258789,
    50.02000045776367,
    48.029998779296875,
    48.43000030517578,
    48.540000915527344,
    49.38999938964844,
    49.720001220703125,
    49.810001373291016,
    49.13999938964844,
    50.09000015258789,
    50.11000061035156,
    50.599998474121094,
    50.150001525878906,
    51.0099983215332,
    51.59000015258789,
    51.279998779296875,
    51.20000076293945,
    51.79999923706055,
    51.459999084472656,
    51.5099983215332,
    51.439998626708984,
    51.31999969482422,
    51.619998931884766,
    52.16999816894531,
    52.5,
    52.7599983215332,
    52.349998474121094,
    53.04999923706055,
    52.970001220703125,
    52.790000915527344,
    51.939998626708984,
    52.06999969482422,
    53.20000076293945,
    52.529998779296875,
    53.060001373291016,
    52.810001373291016,
    52.31999969482422,
    52.9900016784668,
    53.11000061035156,
    52.5,
    53.0,
    53.47999954223633,
    52.150001525878906,
    53.119998931884766,
    54.02000045776367,
    53.72999954223633,
    53.63999938964844,
    52.68000030517578,
    53.5,
    53.11000061035156,
    54.38999938964844,
    53.779998779296875,
    53.470001220703125,
    53.38999938964844,
    53.630001068115234,
    53.970001220703125,
    54.18000030517578,
    54.720001220703125,
    54.630001068115234,
    53.849998474121094,
    53.790000915527344,
    53.869998931884766,
    54.58000183105469,
    55.40999984741211,
    54.099998474121094,
    53.2599983215332,
    53.77000045776367,
    54.84000015258789,
    54.47999954223633
  ]
}