{
  "CLG_Mut_2": [
    21.979999542236328,
    23.93000030517578,
    30.350000381469727,
    33.65999984741211,
    41.349998474121094,
    38.470001220703125,
    39.45000076293945,
    41.279998779296875,
    41.810001373291016,
    42.65999984741211,
    42.380001068115234,
    44.7400016784668,
    44.029998779296875,
    45.75,
    47.93000030517578,
    48.130001068115234,
    49.83000183105469,
    49.529998779296875,
    51.2599983215332,
    51.54999923706055,
    52.439998626708984,
    53.400001525878906,
    55.029998779296875,
    55.220001220703125,
    55.560001373291016,
    56.029998779296875,
    55.2400016784668,
    57.779998779296875,
    57.369998931884766,
    57.619998931884766,
    55.810001373291016,
    57.119998931884766,
    57.939998626708984,
    58.63999938964844,
    58.02000045776367,
    58.02000045776367,
    58.7400016784668,
    58.540000915527344,
    58.77000045776367,
    58.08000183105469,
    58.61000061035156,
    56.959999084472656,
    59.54999923706055,
    56.75,
    59.810001373291016,
    59.369998931884766,
    59.27000045776367,
    59.290000915527344,
    59.7599983215332,
    58.72999954223633,
    60.4900016784668,
    60.33000183105469,
    61.189998626708984,
    59.83000183105469,
    59.81999969482422,
    60.13999938964844,
    57.52000045776367,
    60.56999969482422,
    60.040000915527344,
    60.849998474121094,
    60.68000030517578,
    59.9900016784668,
    59.9900016784668,
    58.18000030517578,
    60.81999969482422,
    59.29999923706055,
    60.029998779296875,
    60.13999938964844,
    59.4900016784668,
    59.9900016784668,
    59.349998474121094,
    60.81999969482422,
    59.54999923706055,
    60.59000015258789,
    59.65999984741211,
    58.13999938964844,
    61.150001525878906,
    59.58000183105469,
    61.189998626708984,
    60.400001525878906,
    59.540000915527344,
    59.83000183105469,
    60.689998626708984,
    60.77000045776367,
    60.779998779296875,
    60.9900016784668,
    60.84000015258789,
    60.529998779296875,
    60.77000045776367,
    58.540000915527344,
    59.13999938964844,
    60.689998626708984,
    59.70000076293945,
    60.349998474121094,
    59.08000183105469,
    61.33000183105469,
    61.09000015258789,
    61.22999954223633,
    58.959999084472656,
    60.439998626708984
  ],
  "HybridFL": [
    13.930000305175781,
    22.43000030517578,
    33.150001525878906,
    36.5099983215332,
    34.47999954223633,
    36.849998474121094,
    40.91999816894531,
    42.13999938964844,
    42.599998474121094,
    44.279998779296875,
    46.08000183105469,
    46.33000183105469,
    47.810001373291016,
    47.22999954223633,
    40.900001525878906,
    48.16999816894531,
    45.86000061035156,
    45.70000076293945,
    46.36000061035156,
    49.290000915527344,
    47.619998931884766,
    49.470001220703125,
    50.11000061035156,
    47.40999984741211,
    49.86000061035156,
    49.880001068115234,
    48.290000915527344,
    49.29999923706055,
    51.59000015258789,
    48.810001373291016,
    50.61000061035156,
    51.90999984741211,
    49.63999938964844,
    52.04999923706055,
    52.52000045776367,
    51.63999938964844,
    52.029998779296875,
    51.38999938964844,
    50.380001068115234,
    53.310001373291016,
    50.9900016784668,
    50.91999816894531,
    52.75,
    53.91999816894531,
    54.790000915527344,
    52.08000183105469,
    54.189998626708984,
    54.88999938964844,
    53.47999954223633,
    52.38999938964844,
    55.29999923706055,
    55.11000061035156,
    54.36000061035156,
    55.27000045776367,
    54.459999084472656,
    53.779998779296875,
    53.5,
    52.689998626708984,
    53.9900016784668,
    53.75,
    54.83000183105469,
    54.310001373291016,
    53.72999954223633,
    53.939998626708984,
    55.060001373291016,
    55.869998931884766,
    55.90999984741211,
    55.81999969482422,
    54.97999954223633,
    55.5,
    55.599998474121094,
    56.0,
    56.2400016784668,
    55.369998931884766,
    57.029998779296875,
    56.97999954223633,
    57.45000076293945,
    57.08000183105469,
    56.560001373291016,
    56.72999954223633,
    57.119998931884766,
    54.29999923706055,
    54.36000061035156,
    56.15999984741211,
    55.91999816894531,
    56.0,
    55.27000045776367,
    56.93000030517578,
    54.70000076293945,
    56.59000015258789,
    56.47999954223633,
    55.439998626708984,
    56.22999954223633,
    56.72999954223633,
    56.119998931884766,
    56.150001525878906,
    54.369998931884766,
    55.63999938964844,
    54.13999938964844,
    56.5
  ],
  "CLG_SGD": [
    19.670000076293945,
    23.920000076293945,
    28.829999923706055,
    26.65999984741211,
    34.459999084472656,
    34.83000183105469,
    37.36000061035156,
    33.34000015258789,
    36.86000061035156,
    39.58000183105469,
    36.31999969482422,
    38.40999984741211,
    39.2400016784668,
    39.459999084472656,
    40.7599983215332,
    40.15999984741211,
    39.060001373291016,
    38.810001373291016,
    40.81999969482422,
    42.06999969482422,
    41.58000183105469,
    42.08000183105469,
    42.06999969482422,
    41.65999984741211,
    43.209999084472656,
    44.380001068115234,
    43.81999969482422,
    43.06999969482422,
    43.7400016784668,
    44.40999984741211,
    44.25,
    46.29999923706055,
    46.5099983215332,
    48.52000045776367,
    47.060001373291016,
    47.5099983215332,
    47.09000015258789,
    47.959999084472656,
    48.27000045776367,
    49.470001220703125,
    47.689998626708984,
    49.20000076293945,
    49.45000076293945,
    48.86000061035156,
    49.40999984741211,
    49.7400016784668,
    50.20000076293945,
    49.72999954223633,
    49.58000183105469,
    51.34000015258789,
    51.93000030517578,
    51.16999816894531,
    51.959999084472656,
    52.5099983215332,
    51.90999984741211,
    53.06999969482422,
    49.75,
    52.52000045776367,
    53.15999984741211,
    51.97999954223633,
    52.2400016784668,
    52.779998779296875,
    51.59000015258789,
    54.400001525878906,
    50.869998931884766,
    53.20000076293945,
    53.08000183105469,
    54.720001220703125,
    52.06999969482422,
    54.66999816894531,
    52.439998626708984,
    53.36000061035156,
    53.150001525878906,
    54.900001525878906,
    54.90999984741211,
    54.18000030517578,
    52.91999816894531,
    54.630001068115234,
    54.310001373291016,
    54.70000076293945,
    54.91999816894531,
    53.279998779296875,
    54.84000015258789,
    55.619998931884766,
    55.290000915527344,
    54.22999954223633,
    54.720001220703125,
    53.349998474121094,
    54.31999969482422,
    54.349998474121094,
    54.84000015258789,
    52.869998931884766,
    54.58000183105469,
    53.900001525878906,
    54.52000045776367,
    54.58000183105469,
    55.029998779296875,
    54.25,
    55.459999084472656,
    55.7400016784668
  ],