{
  "FedDU": [
    13.670000076293945,
    10.039999961853027
  ],
  "FedATMV": [
    13.829999923706055,
    10.0
  ]
}