{
  "FedDU": [
    0.014227913235275487,
    0.011514366264210287
  ],
  "FedATMV": [
    0.012622725688253834,
    0.011002165411101843
  ]
}