{
  "HybridFL": [
    5.0,
    5.650000095367432,
    14.260000228881836,
    15.789999961853027,
    18.309999465942383,
    20.540000915527344,
    21.850000381469727,
    25.18000030517578,
    26.389999389648438,
    29.559999465942383,
    31.979999542236328,
    26.280000686645508,
    32.18000030517578,
    34.16999816894531,
    35.86000061035156,
    35.900001525878906,
    35.650001525878906,
    36.290000915527344,
    36.7599983215332,
    39.290000915527344,
    39.27000045776367,
    39.93000030517578,
    41.2400016784668,
    39.29999923706055,
    39.540000915527344,
    42.88999938964844,
    43.77000045776367,
    42.77000045776367,
    42.0,
    44.630001068115234,
    45.90999984741211,
    46.099998474121094,
    46.0,
    43.52000045776367,
    45.36000061035156,
    46.119998931884766,
    46.5099983215332,
    45.2400016784668,
    45.040000915527344,
    48.099998474121094,
    48.060001373291016,
    47.97999954223633,
    46.38999938964844,
    49.119998931884766,
    46.22999954223633,
    46.849998474121094,
    46.560001373291016,
    47.619998931884766,
    48.84000015258789,
    47.4900016784668,
    48.20000076293945,
    49.09000015258789,
    49.0099983215332,
    49.529998779296875,
    48.689998626708984,
    48.599998474121094,
    48.91999816894531,
    48.279998779296875,
    46.7400016784668,
    49.709999084472656,
    48.720001220703125,
    50.400001525878906,
    49.5099983215332,
    48.150001525878906,
    48.13999938964844,
    49.810001373291016,
    49.869998931884766,
    49.45000076293945,
    50.5,
    51.34000015258789,
    50.31999969482422,
    52.349998474121094,
    50.63999938964844,
    51.060001373291016,
    50.59000015258789,
    51.060001373291016,
    50.68000030517578,
    50.34000015258789,
    52.540000915527344,
    50.29999923706055,
    51.75,
    52.11000061035156,
    51.41999816894531,
    51.810001373291016,
    52.470001220703125,
    51.529998779296875,
    51.33000183105469,
    50.720001220703125,
    52.4900016784668,
    52.08000183105469,
    52.61000061035156,
    52.45000076293945,
    53.68000030517578,
    51.88999938964844,
    50.72999954223633,
    52.0,
    53.31999969482422,
    52.22999954223633,
    51.869998931884766,
    52.72999954223633
  ],
  "FedDU_Mut": [
    10.319999694824219,
    19.100000381469727,
    21.40999984741211,
    23.860000610351562,
    29.25,
    29.110000610351562,
    32.970001220703125,
    35.66999816894531,
    34.41999816894531,
    36.290000915527344,
    36.650001525878906,
    38.189998626708984,
    38.9900016784668,
    40.86000061035156,
    40.22999954223633,
    41.70000076293945,
    41.52000045776367,
    44.540000915527344,
    44.86000061035156,
    45.86000061035156,
    45.72999954223633,
    46.33000183105469,
    45.220001220703125,
    46.189998626708984,
    46.0099983215332,
    47.11000061035156,
    46.099998474121094,
    46.66999816894531,
    48.689998626708984,
    48.0099983215332,
    48.04999923706055,
    48.63999938964844,
    49.349998474121094,
    49.27000045776367,
    50.779998779296875,
    49.599998474121094,
    49.540000915527344,
    49.2599983215332,
    51.5099983215332,
    49.56999969482422,
    50.130001068115234,
    50.529998779296875,
    49.70000076293945,
    50.599998474121094,
    50.4900016784668,
    50.52000045776367,
    50.599998474121094,
    51.470001220703125,
    52.29999923706055,
    51.279998779296875,
    51.4900016784668,
    50.880001068115234,
    52.040000915527344,
    51.880001068115234,
    51.91999816894531,
    52.900001525878906,
    52.900001525878906,
    52.5099983215332,
    53.310001373291016,
    53.0,
    53.689998626708984,
    53.970001220703125,
    53.349998474121094,
    54.04999923706055,
    54.72999954223633,
    52.2599983215332,
    53.470001220703125,
    53.18000030517578,
    53.939998626708984,
    53.7599983215332,
    54.439998626708984,
    53.189998626708984,
    54.22999954223633,
    54.22999954223633,
    52.959999084472656,
    54.29999923706055,
    54.560001373291016,
    54.310001373291016,
    54.36000061035156,
    53.540000915527344,
    54.849998474121094,
    53.70000076293945,
    53.79999923706055,
    53.95000076293945,
    53.66999816894531,
    53.040000915527344,
    53.5099983215332,
    54.84000015258789,
    54.43000030517578,
    53.91999816894531,
    54.220001220703125,
    55.33000183105469,
    54.209999084472656,
    55.439998626708984,
    55.209999084472656,
    54.58000183105469,
    54.560001373291016,
    55.5,
    54.369998931884766,
    54.880001068115234
  ]
}