{
  "CLG_Mut_2": [
    14.739999771118164,
    18.260000228881836,
    20.229999542236328,
    21.34000015258789,
    19.920000076293945,
    21.65999984741211,
    24.8799991607666,
    26.979999542236328,
    26.280000686645508,
    28.15999984741211,
    28.780000686645508,
    29.56999969482422,
    28.889999389648438,
    30.739999771118164,
    30.969999313354492,
    31.920000076293945,
    32.349998474121094,
    32.08000183105469,
    32.75,
    34.220001220703125,
    34.599998474121094,
    34.20000076293945,
    35.13999938964844,
    35.650001525878906,
    36.25,
    36.52000045776367,
    36.45000076293945,
    37.189998626708984,
    37.0,
    38.810001373291016,
    39.189998626708984,
    39.22999954223633,
    38.349998474121094,
    39.68000030517578,
    39.79999923706055,
    39.689998626708984,
    38.779998779296875,
    40.72999954223633,
    40.709999084472656,
    40.02000045776367,
    41.150001525878906,
    40.310001373291016,
    42.119998931884766,
    40.720001220703125,
    41.540000915527344,
    41.900001525878906,
    42.36000061035156,
    44.04999923706055,
    42.970001220703125,
    43.540000915527344,
    43.959999084472656,
    43.529998779296875,
    43.56999969482422,
    42.59000015258789,
    43.5,
    44.470001220703125,
    44.93000030517578,
    44.04999923706055,
    44.97999954223633,
    45.47999954223633,
    45.36000061035156,
    45.650001525878906,
    45.13999938964844,
    44.7400016784668,
    46.41999816894531,
    44.7599983215332,
    45.849998474121094,
    45.529998779296875,
    45.91999816894531,
    46.2599983215332,
    46.68000030517578,
    47.16999816894531,
    46.5,
    46.59000015258789,
    45.310001373291016,
    46.540000915527344,
    46.72999954223633,
    46.880001068115234,
    47.25,
    46.54999923706055,
    48.189998626708984,
    48.16999816894531,
    47.470001220703125,
    47.93000030517578,
    48.65999984741211,
    47.189998626708984,
    46.849998474121094,
    46.88999938964844,
    46.310001373291016,
    47.52000045776367,
    47.90999984741211,
    48.029998779296875,
    48.91999816894531,
    48.2599983215332,
    48.22999954223633,
    48.09000015258789,
    48.47999954223633,
    48.09000015258789,
    48.599998474121094,
    48.33000183105469
  ],
  "HybridFL": [
    5.0,
    7.639999866485596,
    14.680000305175781,
    17.540000915527344,
    19.610000610351562,
    23.049999237060547,
    24.790000915527344,
    26.510000228881836,
    29.84000015258789,
    29.739999771118164,
    32.2400016784668,
    34.77000045776367,
    36.040000915527344,
    38.34000015258789,
    37.20000076293945,
    39.41999816894531,
    40.43000030517578,
    36.70000076293945,
    42.209999084472656,
    42.36000061035156,
    42.93000030517578,
    42.34000015258789,
    44.220001220703125,
    42.81999969482422,
    45.04999923706055,
    43.310001373291016,
    43.06999969482422,
    44.34000015258789,
    45.09000015258789,
    45.25,
    47.13999938964844,
    43.59000015258789,
    46.630001068115234,
    44.72999954223633,
    46.779998779296875,
    45.290000915527344,
    46.959999084472656,
    44.11000061035156,
    47.54999923706055,
    44.869998931884766,
    46.349998474121094,
    45.130001068115234,
    49.22999954223633,
    47.95000076293945,
    49.0099983215332,
    48.41999816894531,
    48.939998626708984,
    47.0,
    49.04999923706055,
    48.189998626708984,
    46.97999954223633,
    46.75,
    47.08000183105469,
    47.72999954223633,
    48.18000030517578,
    49.66999816894531,
    49.18000030517578,
    49.369998931884766,
    50.02000045776367,
    47.15999984741211,
    49.9900016784668,
    48.150001525878906,
    50.099998474121094,
    49.880001068115234,
    48.79999923706055,
    48.7400016784668,
    48.95000076293945,
    49.65999984741211,
    48.91999816894531,
    49.88999938964844,
    50.04999923706055,
    49.43000030517578,
    47.65999984741211,
    49.9900016784668,
    50.060001373291016,
    49.779998779296875,
    49.709999084472656,
    51.349998474121094,
    50.63999938964844,
    50.90999984741211,
    50.38999938964844,
    49.650001525878906,
    51.34000015258789,
    50.279998779296875,
    50.380001068115234,
    50.40999984741211,
    50.84000015258789,
    51.04999923706055,
    51.279998779296875,
    50.459999084472656,
    52.13999938964844,
    51.540000915527344,
    51.68000030517578,
    49.95000076293945,
    52.54999923706055,
    51.7400016784668,
    52.560001373291016,
    51.349998474121094,
    52.119998931884766,
    50.09000015258789
  ],
  "CLG_SGD": [
    14.75,
    18.290000915527344,
    19.780000686645508,
    21.950000762939453,
    21.979999542236328,
    19.920000076293945,
    24.270000457763672,
    24.75,
    26.549999237060547,
    24.889999389648438,
    26.18000030517578,
    27.520000457763672,
    29.850000381469727,
    31.969999313354492,
    32.2400016784668,
    32.970001220703125,
    34.09000015258789,
    34.84000015258789,
    35.130001068115234,
    35.869998931884766,
    36.189998626708984,
    37.5099983215332,
    37.65999984741211,
    36.59000015258789,
    37.95000076293945,
    38.84000015258789,
    38.59000015258789,
    39.279998779296875,
    40.630001068115234,
    39.970001220703125,
    40.25,
    42.29999923706055,
    41.27000045776367,
    43.209999084472656,
    42.150001525878906,
    43.25,
    44.560001373291016,
    44.13999938964844,
    43.970001220703125,
    44.209999084472656,
    44.61000061035156,
    45.2599983215332,
    43.529998779296875,
    44.81999969482422,
    45.45000076293945,
    44.9900016784668,
    45.83000183105469,
    43.880001068115234,
    41.97999954223633,
    44.560001373291016,
    44.45000076293945,
    45.709999084472656,
    46.779998779296875,
    46.40999984741211,
    47.65999984741211,
    47.290000915527344,
    46.77000045776367,
    47.650001525878906,
    47.220001220703125,
    48.119998931884766,
    47.7599983215332,
    47.90999984741211,
    47.400001525878906,
    49.36000061035156,
    48.40999984741211,
    48.72999954223633,
    49.52000045776367,
    48.310001373291016,
    49.31999969482422,
    49.060001373291016,
    48.560001373291016,
    49.77000045776367,
    50.970001220703125,
    50.7400016784668,
    51.560001373291016,
    50.84000015258789,
    51.310001373291016,
    50.7599983215332,
    50.06999969482422,
    50.189998626708984,
    50.369998931884766,
    50.779998779296875,
    51.08000183105469,
    50.09000015258789,
    49.77000045776367,
    50.90999984741211,
    50.29999923706055,
    50.75,
    50.040000915527344,
    51.13999938964844,
    51.59000015258789,
    50.959999084472656,
    49.689998626708984,
    51.40999984741211,
    51.2599983215332,
    51.29999923706055,
    50.529998779296875,
    52.130001068115234,
    51.79999923706055,
    51.40999984741211
  ],