{
  "HybridFL": [
    5.0,
    5.880000114440918,
    14.25,
    15.270000457763672,
    18.049999237060547,
    20.260000228881836,
    20.520000457763672,
    23.3799991607666,
    26.049999237060547,
    28.139999389648438,
    30.18000030517578,
    25.809999465942383,
    30.850000381469727,
    32.5,
    33.54999923706055,
    33.119998931884766,
    34.470001220703125,
    33.65999984741211,
    34.380001068115234,
    37.189998626708984,
    36.43000030517578,
    36.75,
    38.189998626708984,
    36.93000030517578,
    35.630001068115234,
    40.47999954223633,
    40.97999954223633,
    41.25,
    39.86000061035156,
    42.68000030517578,
    43.66999816894531,
    43.93000030517578,
    42.470001220703125,
    40.79999923706055,
    43.16999816894531,
    43.81999969482422,
    44.02000045776367,
    41.79999923706055,
    42.81999969482422,
    45.36000061035156,
    46.2400016784668,
    44.22999954223633,
    44.470001220703125,
    46.709999084472656,
    43.060001373291016,
    43.209999084472656,
    44.29999923706055,
    45.060001373291016,
    46.540000915527344,
    44.400001525878906,
    45.95000076293945,
    47.45000076293945,
    47.880001068115234,
    47.790000915527344,
    46.95000076293945,
    47.06999969482422,
    46.779998779296875,
    46.84000015258789,
    46.0099983215332,
    46.939998626708984,
    46.849998474121094,
    48.470001220703125,
    47.56999969482422,
    43.720001220703125,
    45.209999084472656,
    48.540000915527344,
    47.7599983215332,
    48.290000915527344,
    49.77000045776367,
    49.380001068115234,
    49.16999816894531,
    50.41999816894531,
    49.70000076293945,
    48.70000076293945,
    49.0,
    49.290000915527344,
    48.83000183105469,
    47.9900016784668,
    50.810001373291016,
    48.939998626708984,
    50.38999938964844,
    49.849998474121094,
    49.189998626708984,
    49.619998931884766,
    51.040000915527344,
    49.59000015258789,
    49.04999923706055,
    49.22999954223633,
    50.58000183105469,
    50.060001373291016,
    50.720001220703125,
    50.529998779296875,
    51.86000061035156,
    50.08000183105469,
    49.779998779296875,
    49.88999938964844,
    51.33000183105469,
    51.439998626708984,
    50.33000183105469,
    50.529998779296875
  ],
  "FedDU_Mut": [
    7.190000057220459,
    14.239999771118164,
    19.530000686645508,
    20.079999923706055,
    23.059999465942383,
    26.34000015258789,
    26.549999237060547,
    28.18000030517578,
    31.850000381469727,
    31.940000534057617,
    34.650001525878906,
    35.959999084472656,
    37.16999816894531,
    37.83000183105469,
    35.63999938964844,
    37.599998474121094,
    38.13999938964844,
    39.11000061035156,
    39.54999923706055,
    41.40999984741211,
    42.04999923706055,
    44.43000030517578,
    44.529998779296875,
    45.15999984741211,
    42.529998779296875,
    45.529998779296875,
    46.0,
    46.689998626708984,
    46.58000183105469,
    45.56999969482422,
    47.75,
    45.939998626708984,
    46.25,
    48.470001220703125,
    48.599998474121094,
    47.20000076293945,
    47.88999938964844,
    48.18000030517578,
    49.77000045776367,
    49.470001220703125,
    49.59000015258789,
    49.61000061035156,
    48.40999984741211,
    50.43000030517578,
    49.900001525878906,
    52.06999969482422,
    50.61000061035156,
    50.7400016784668,
    49.540000915527344,
    50.5099983215332,
    49.810001373291016,
    50.09000015258789,
    49.689998626708984,
    50.04999923706055,
    51.79999923706055,
    50.79999923706055,
    49.61000061035156,
    52.040000915527344,
    50.790000915527344,
    51.459999084472656,
    52.310001373291016,
    52.060001373291016,
    50.95000076293945,
    52.54999923706055,
    52.93000030517578,
    51.36000061035156,
    50.959999084472656,
    52.4900016784668,
    50.810001373291016,
    51.20000076293945,
    52.0,
    51.869998931884766,
    52.54999923706055,
    53.5,
    53.65999984741211,
    51.66999816894531,
    53.04999923706055,
    52.04999923706055,
    52.66999816894531,
    52.790000915527344,
    51.970001220703125,
    53.209999084472656,
    52.81999969482422,
    52.189998626708984,
    53.54999923706055,
    53.689998626708984,
    53.310001373291016,
    53.83000183105469,
    53.77000045776367,
    54.04999923706055,
    54.349998474121094,
    52.869998931884766,
    53.59000015258789,
    53.15999984741211,
    53.52000045776367,
    53.619998931884766,
    54.52000045776367,
    54.08000183105469,
    54.2599983215332,
    54.970001220703125
  ]
}