{
  "HybridFL": [
    7.900000095367432,
    7.800000190734863,
    15.1899995803833,
    15.149999618530273,
    18.739999771118164,
    21.239999771118164,
    23.229999542236328,
    23.780000686645508,
    25.600000381469727,
    26.700000762939453,
    30.049999237060547,
    29.440000534057617,
    31.190000534057617,
    33.43000030517578,
    34.5,
    33.25,
    36.27000045776367,
    39.459999084472656,
    39.310001373291016,
    40.209999084472656,
    41.34000015258789,
    40.93000030517578,
    41.939998626708984,
    43.7599983215332,
    43.220001220703125,
    44.40999984741211,
    45.58000183105469,
    45.72999954223633,
    46.58000183105469,
    47.0099983215332,
    46.95000076293945,
    45.59000015258789,
    47.689998626708984,
    47.45000076293945,
    47.18000030517578,
    48.29999923706055,
    48.630001068115234,
    49.220001220703125,
    47.369998931884766,
    48.20000076293945,
    49.72999954223633,
    48.540000915527344,
    49.65999984741211,
    49.439998626708984,
    48.68000030517578,
    51.130001068115234,
    50.650001525878906,
    51.65999984741211,
    50.38999938964844,
    50.36000061035156,
    50.83000183105469,
    50.91999816894531,
    51.65999984741211,
    51.09000015258789,
    49.56999969482422,
    50.36000061035156,
    51.939998626708984,
    50.5099983215332,
    52.060001373291016,
    51.54999923706055,
    52.70000076293945,
    52.0,
    52.04999923706055,
    52.34000015258789,
    52.79999923706055,
    53.2599983215332,
    52.689998626708984,
    52.08000183105469,
    51.5099983215332,
    53.36000061035156,
    52.77000045776367,
    53.869998931884766,
    52.29999923706055,
    53.150001525878906,
    53.290000915527344,
    52.959999084472656,
    53.189998626708984,
    54.38999938964844,
    54.06999969482422,
    52.439998626708984,
    53.560001373291016,
    53.61000061035156,
    54.130001068115234,
    52.93000030517578,
    54.08000183105469,
    53.90999984741211,
    53.79999923706055,
    54.47999954223633,
    54.22999954223633,
    54.5,
    54.81999969482422,
    53.27000045776367,
    54.4900016784668,
    54.45000076293945,
    52.86000061035156,
    54.720001220703125,
    54.33000183105469,
    54.40999984741211,
    54.689998626708984,
    54.369998931884766
  ],
  "FedDU_Mut": [
    9.600000381469727,
    16.690000534057617,
    19.799999237060547,
    24.290000915527344,
    28.479999542236328,
    32.869998931884766,
    33.709999084472656,
    33.209999084472656,
    36.040000915527344,
    38.79999923706055,
    39.970001220703125,
    40.66999816894531,
    41.060001373291016,
    42.0,
    42.59000015258789,
    43.790000915527344,
    43.689998626708984,
    45.70000076293945,
    46.029998779296875,
    47.08000183105469,
    46.650001525878906,
    45.72999954223633,
    46.7400016784668,
    47.38999938964844,
    47.5099983215332,
    48.95000076293945,
    48.79999923706055,
    49.77000045776367,
    50.38999938964844,
    49.619998931884766,
    50.22999954223633,
    50.849998474121094,
    51.40999984741211,
    50.79999923706055,
    50.81999969482422,
    51.22999954223633,
    51.86000061035156,
    51.459999084472656,
    51.40999984741211,
    52.119998931884766,
    52.040000915527344,
    52.18000030517578,
    53.04999923706055,
    52.880001068115234,
    52.61000061035156,
    52.790000915527344,
    53.099998474121094,
    52.70000076293945,
    52.88999938964844,
    53.720001220703125,
    52.189998626708984,
    53.459999084472656,
    53.540000915527344,
    53.16999816894531,
    53.189998626708984,
    53.93000030517578,
    53.380001068115234,
    53.5099983215332,
    54.189998626708984,
    53.689998626708984,
    54.060001373291016,
    53.90999984741211,
    54.619998931884766,
    54.369998931884766,
    54.150001525878906,
    53.7400016784668,
    54.849998474121094,
    54.11000061035156,
    54.599998474121094,
    53.93000030517578,
    54.09000015258789,
    54.459999084472656,
    54.790000915527344,
    55.540000915527344,
    54.400001525878906,
    54.310001373291016,
    54.41999816894531,
    54.59000015258789,
    55.2400016784668,
    54.869998931884766,
    54.90999984741211,
    54.95000076293945,
    55.16999816894531,
    55.84000015258789,
    54.959999084472656,
    54.83000183105469,
    54.72999954223633,
    55.22999954223633,
    55.84000015258789,
    54.689998626708984,
    55.310001373291016,
    55.41999816894531,
    55.599998474121094,
    55.5,
    55.560001373291016,
    55.54999923706055,
    55.369998931884766,
    56.22999954223633,
    55.630001068115234,
    55.81999969482422
  ]
}