{
  "HybridFL": [
    5.0,
    5.880000114440918,
    14.25,
    15.270000457763672,
    18.049999237060547,
    20.399999618530273,
    19.860000610351562,
    22.56999969482422,
    24.079999923706055,
    26.56999969482422,
    28.56999969482422,
    25.6200008392334,
    30.360000610351562,
    31.8700008392334,
    34.130001068115234,
    33.540000915527344,
    33.7599983215332,
    34.31999969482422,
    34.45000076293945,
    37.54999923706055,
    37.0,
    37.4900016784668,
    38.689998626708984,
    36.459999084472656,
    36.29999923706055,
    41.0099983215332,
    41.25,
    40.5099983215332,
    40.130001068115234,
    42.619998931884766,
    44.47999954223633,
    43.540000915527344,
    42.439998626708984,
    40.130001068115234,
    43.970001220703125,
    43.95000076293945,
    44.630001068115234,
    42.61000061035156,
    43.38999938964844,
    46.02000045776367,
    47.08000183105469,
    44.97999954223633,
    44.93000030517578,
    46.959999084472656,
    43.5,
    43.16999816894531,
    44.65999984741211,
    45.84000015258789,
    46.65999984741211,
    44.79999923706055,
    46.189998626708984,
    47.40999984741211,
    47.63999938964844,
    48.349998474121094,
    47.130001068115234,
    47.59000015258789,
    47.7599983215332,
    47.099998474121094,
    46.36000061035156,
    47.560001373291016,
    47.400001525878906,
    48.43000030517578,
    47.2400016784668,
    44.06999969482422,
    46.7400016784668,
    48.900001525878906,
    48.400001525878906,
    48.72999954223633,
    48.56999969482422,
    49.290000915527344,
    48.33000183105469,
    50.88999938964844,
    50.43000030517578,
    49.54999923706055,
    49.099998474121094,
    48.810001373291016,
    48.93000030517578,
    47.599998474121094,
    50.540000915527344,
    48.599998474121094,
    50.5099983215332,
    50.560001373291016,
    49.459999084472656,
    50.130001068115234,
    51.810001373291016,
    50.630001068115234,
    49.709999084472656,
    49.560001373291016,
    50.31999969482422,
    49.970001220703125,
    50.70000076293945,
    50.5099983215332,
    51.88999938964844,
    50.86000061035156,
    49.11000061035156,
    50.63999938964844,
    52.02000045776367,
    51.56999969482422,
    50.11000061035156,
    50.689998626708984
  ],
  "FedDU_Mut": [
    7.190000057220459,
    14.239999771118164,
    19.530000686645508,
    20.079999923706055,
    23.059999465942383,
    26.34000015258789,
    26.549999237060547,
    28.18000030517578,
    31.850000381469727,
    31.940000534057617,
    34.650001525878906,
    35.959999084472656,
    37.16999816894531,
    37.83000183105469,
    34.9900016784668,
    36.93000030517578,
    37.619998931884766,
    39.13999938964844,
    39.65999984741211,
    41.15999984741211,
    40.849998474121094,
    44.56999969482422,
    44.16999816894531,
    44.900001525878906,
    42.029998779296875,
    45.869998931884766,
    46.2400016784668,
    47.310001373291016,
    47.060001373291016,
    45.75,
    48.34000015258789,
    46.36000061035156,
    46.25,
    48.400001525878906,
    48.040000915527344,
    47.90999984741211,
    47.91999816894531,
    48.18000030517578,
    49.18000030517578,
    49.45000076293945,
    49.02000045776367,
    48.970001220703125,
    48.0099983215332,
    50.209999084472656,
    49.849998474121094,
    51.849998474121094,
    50.68000030517578,
    51.119998931884766,
    49.22999954223633,
    50.22999954223633,
    49.849998474121094,
    49.630001068115234,
    49.220001220703125,
    50.130001068115234,
    51.709999084472656,
    50.939998626708984,
    50.43000030517578,
    52.130001068115234,
    50.7599983215332,
    50.7599983215332,
    52.0099983215332,
    52.439998626708984,
    51.36000061035156,
    52.13999938964844,
    52.5,
    51.79999923706055,
    50.79999923706055,
    52.869998931884766,
    51.11000061035156,
    51.7400016784668,
    52.34000015258789,
    51.31999969482422,
    52.310001373291016,
    53.33000183105469,
    53.66999816894531,
    51.79999923706055,
    53.36000061035156,
    52.0,
    51.81999969482422,
    51.40999984741211,
    51.939998626708984,
    53.75,
    53.18000030517578,
    52.79999923706055,
    53.61000061035156,
    53.09000015258789,
    53.29999923706055,
    53.540000915527344,
    53.31999969482422,
    53.279998779296875,
    54.40999984741211,
    52.689998626708984,
    52.779998779296875,
    53.290000915527344,
    53.310001373291016,
    53.400001525878906,
    55.15999984741211,
    53.02000045776367,
    54.29999923706055,
    54.61000061035156
  ]
}