{
  "CLG_Mut_2": [
    23.31999969482422,
    26.040000915527344,
    27.270000457763672,
    34.09000015258789,
    32.22999954223633,
    36.060001373291016,
    36.400001525878906,
    36.95000076293945,
    38.599998474121094,
    38.93000030517578,
    39.880001068115234,
    41.150001525878906,
    42.81999969482422,
    44.84000015258789,
    45.65999984741211,
    46.36000061035156,
    49.0099983215332,
    51.709999084472656,
    52.119998931884766,
    53.11000061035156,
    54.790000915527344,
    55.290000915527344,
    56.88999938964844,
    57.04999923706055,
    58.220001220703125,
    58.75,
    59.59000015258789,
    60.150001525878906,
    60.09000015258789,
    60.220001220703125,
    60.310001373291016,
    60.189998626708984,
    60.77000045776367,
    61.310001373291016,
    61.58000183105469,
    60.90999984741211,
    61.900001525878906,
    62.459999084472656,
    61.72999954223633,
    61.95000076293945,
    62.13999938964844,
    61.220001220703125,
    61.470001220703125,
    61.66999816894531,
    61.900001525878906,
    60.93000030517578,
    62.349998474121094,
    61.970001220703125,
    62.529998779296875,
    62.13999938964844,
    61.849998474121094,
    61.84000015258789,
    60.939998626708984,
    61.79999923706055,
    62.560001373291016,
    62.45000076293945,
    62.400001525878906,
    62.47999954223633,
    61.880001068115234,
    62.5099983215332,
    61.540000915527344,
    62.75,
    62.81999969482422,
    61.63999938964844,
    62.06999969482422,
    62.04999923706055,
    62.65999984741211,
    61.529998779296875,
    61.56999969482422,
    61.79999923706055,
    62.47999954223633,
    60.9900016784668,
    62.2599983215332,
    62.689998626708984,
    62.13999938964844,
    62.08000183105469,
    61.900001525878906,
    62.189998626708984,
    62.31999969482422,
    62.22999954223633,
    62.20000076293945,
    62.34000015258789,
    62.27000045776367,
    61.810001373291016,
    61.58000183105469,
    62.279998779296875,
    62.40999984741211,
    61.630001068115234,
    62.060001373291016,
    62.09000015258789,
    62.61000061035156,
    62.04999923706055,
    61.72999954223633,
    62.650001525878906,
    62.2400016784668,
    62.52000045776367,
    62.130001068115234,
    62.400001525878906,
    61.720001220703125,
    62.33000183105469
  ],
  "HybridFL": [
    14.430000305175781,
    27.8799991607666,
    29.969999313354492,
    36.790000915527344,
    38.2599983215332,
    41.88999938964844,
    42.0099983215332,
    43.34000015258789,
    45.97999954223633,
    45.709999084472656,
    46.86000061035156,
    49.20000076293945,
    49.220001220703125,
    47.209999084472656,
    47.150001525878906,
    46.7400016784668,
    50.09000015258789,
    49.790000915527344,
    51.349998474121094,
    51.959999084472656,
    51.68000030517578,
    49.90999984741211,
    52.040000915527344,
    51.7400016784668,
    52.349998474121094,
    51.93000030517578,
    53.54999923706055,
    53.97999954223633,
    53.880001068115234,
    53.70000076293945,
    52.720001220703125,
    55.11000061035156,
    55.470001220703125,
    54.18000030517578,
    56.36000061035156,
    55.810001373291016,
    55.81999969482422,
    55.130001068115234,
    55.470001220703125,
    55.619998931884766,
    54.2599983215332,
    56.279998779296875,
    56.540000915527344,
    56.77000045776367,
    54.439998626708984,
    55.66999816894531,
    55.75,
    56.369998931884766,
    56.61000061035156,
    55.65999984741211,
    55.72999954223633,
    56.22999954223633,
    56.83000183105469,
    57.970001220703125,
    57.2599983215332,
    57.720001220703125,
    57.06999969482422,
    56.060001373291016,
    56.369998931884766,
    58.11000061035156,
    57.22999954223633,
    57.040000915527344,
    56.869998931884766,
    57.88999938964844,
    57.400001525878906,
    57.040000915527344,
    57.220001220703125,
    58.349998474121094,
    56.88999938964844,
    58.709999084472656,
    58.459999084472656,
    58.130001068115234,
    58.209999084472656,
    57.43000030517578,
    58.7400016784668,
    57.560001373291016,
    58.5099983215332,
    58.619998931884766,
    58.849998474121094,
    59.380001068115234,
    57.79999923706055,
    58.66999816894531,
    59.02000045776367,
    58.88999938964844,
    58.88999938964844,
    59.56999969482422,
    59.11000061035156,
    59.119998931884766,
    58.40999984741211,
    57.84000015258789,
    58.5,
    59.060001373291016,
    58.439998626708984,
    59.27000045776367,
    57.47999954223633,
    58.7599983215332,
    57.47999954223633,
    59.43000030517578,
    58.810001373291016,
    58.86000061035156
  ],
  "CLG_SGD": [
    23.90999984741211,
    27.270000457763672,
    30.610000610351562,
    29.079999923706055,
    31.579999923706055,
    32.369998931884766,
    34.970001220703125,
    36.38999938964844,
    34.130001068115234,
    36.2599983215332,
    37.90999984741211,
    36.65999984741211,
    38.11000061035156,
    37.97999954223633,
    37.79999923706055,
    38.130001068115234,
    37.880001068115234,
    39.040000915527344,
    39.529998779296875,
    40.29999923706055,
    40.02000045776367,
    39.68000030517578,
    41.4900016784668,
    41.380001068115234,
    41.7599983215332,
    42.5099983215332,
    42.209999084472656,
    43.439998626708984,
    44.939998626708984,
    45.40999984741211,
    46.09000015258789,
    46.939998626708984,
    46.93000030517578,
    47.43000030517578,
    47.59000015258789,
    47.099998474121094,
    49.31999969482422,
    49.790000915527344,
    50.38999938964844,
    51.400001525878906,
    50.720001220703125,
    50.88999938964844,
    51.209999084472656,
    52.720001220703125,
    53.31999969482422,
    52.84000015258789,
    53.29999923706055,
    52.150001525878906,
    51.939998626708984,
    53.20000076293945,
    53.310001373291016,
    54.75,
    54.36000061035156,
    53.279998779296875,
    55.20000076293945,
    54.970001220703125,
    54.72999954223633,
    54.400001525878906,
    55.70000076293945,
    56.380001068115234,
    56.689998626708984,
    55.209999084472656,
    55.779998779296875,
    56.959999084472656,
    56.959999084472656,
    56.93000030517578,
    57.2599983215332,
    55.709999084472656,
    56.849998474121094,
    57.790000915527344,
    57.779998779296875,
    57.33000183105469,
    58.11000061035156,
    57.540000915527344,
    57.029998779296875,
    57.15999984741211,
    57.5099983215332,
    56.65999984741211,
    56.5,
    58.04999923706055,
    58.0099983215332,
    58.20000076293945,
    58.810001373291016,
    58.40999984741211,
    58.130001068115234,
    58.470001220703125,
    58.52000045776367,
    57.7599983215332,
    57.7599983215332,
    58.33000183105469,
    57.459999084472656,
    58.540000915527344,
    57.040000915527344,
    59.0099983215332,
    58.560001373291016,
    58.540000915527344,
    58.59000015258789,
    58.47999954223633,
    58.790000915527344,
    58.04999923706055
  ],