{
  "CLG_FedMV": [
    18.908607482910156,
    18.908607482910156,
    18.483789443969727,
    21.799888610839844,
    23.003074645996094,
    22.908048629760742,
    26.495248794555664,
    27.75712776184082,
    29.044158935546875,
    29.53325843811035,
    32.7026252746582,
    35.32979202270508,
    33.14421463012695,
    35.35215377807617,
    38.48798370361328,
    39.237003326416016,
    40.10480880737305,
    40.3898811340332,
    39.90078353881836,
    41.68250274658203,
    41.4728889465332,
    40.199832916259766,
    37.159027099609375,
    41.559532165527344,
    39.10983657836914,
    40.902740478515625,
    42.1813850402832,
    42.27641296386719,
    41.9759635925293,
    43.53828811645508,
    41.73979949951172,
    41.950809478759766,
    41.32196807861328,
    40.12576675415039,
    41.616825103759766,
    41.53437805175781,
    38.70737838745117,
    40.06288528442383,
    40.627445220947266,
    41.851593017578125,
    40.35075378417969,
    37.3155403137207,
    40.30184555053711,
    38.18054962158203,
    38.46003341674805,
    39.52207946777344,
    36.903297424316406,
    35.816097259521484,
    39.674400329589844,
    38.95332717895508,
    36.27724838256836,
    38.70598220825195,
    37.882896423339844,
    38.91838836669922,
    38.496368408203125,
    38.43767547607422,
    37.13666915893555,
    38.33845901489258,
    37.741756439208984,
    33.13443374633789,
    38.106483459472656,
    37.397987365722656,
    37.820011138916016,
    37.695640563964844,
    37.632755279541016,
    37.62437057495117,
    37.65092086791992,
    36.76215744018555,
    37.54192352294922,
    36.77473449707031,
    37.252655029296875,
    37.48323059082031,
    37.023475646972656,
    36.850196838378906,
    37.66769027709961,
    37.2037467956543,
    36.826438903808594,
    37.07518005371094,
    36.9228630065918,
    36.77473449707031,
    36.94941329956055,
    36.56791687011719,
    36.81665802001953,
    37.086360931396484,
    36.763553619384766,
    37.00950241088867,
    36.82224655151367,
    36.96757888793945,
    36.77193832397461,
    36.851593017578125,
    36.950809478759766,
    36.06204605102539,
    36.80268478393555,
    37.251258850097656,
    36.48826217651367,
    36.86137390136719,
    37.01509094238281,
    36.28144073486328,
    36.57490158081055,
    36.893516540527344
  ],
  "FedDU_FedMV": [
    18.908607482910156,
    18.908607482910156,
    18.908607482910156,
    18.908607482910156,
    18.908607482910156,
    18.908607482910156,
    18.908607482910156,
    18.908607482910156,
    18.908607482910156,
    18.809391021728516,
    19.15595245361328,
    20.0936279296875,
    20.73085594177246,
    21.774734497070312,
    22.344884872436523,
    23.214086532592773,
    23.854108810424805,
    24.33342742919922,
    24.53325843811035,
    24.678590774536133,
    24.829513549804688,
    25.00139808654785,
    25.1593074798584,
    25.44997215270996,
    25.41922950744629,
    26.7258243560791,
    27.423141479492188,
    28.16377830505371,
    28.383174896240234,
    28.599777221679688,
    29.081890106201172,
    29.178312301635742,
    29.442426681518555,
    29.67439842224121,
    29.825321197509766,
    30.128562927246094,
    30.227781295776367,
    30.700111389160156,
    30.746227264404297,
    31.229738235473633,
    31.27585220336914,
    31.79709243774414,
    31.844606399536133,
    32.24566650390625,
    32.55030822753906,
    32.64533233642578,
    32.92202377319336,
    32.86333084106445,
    33.01704788208008,
    33.03661346435547,
    33.26020050048828,
    33.18893051147461,
    33.31190490722656,
    33.738121032714844,
    33.763275146484375,
    34.19368362426758,
    34.169925689697266,
    34.09446716308594,
    34.63527297973633,
    34.46897888183594,
    34.48155212402344,
    34.92593765258789,
    35.16349792480469,
    35.2808837890625,
    35.53661346435547,
    35.31721496582031,
    35.70849609375,
    35.96422576904297,
    36.17803192138672,
    36.13471221923828,
    36.01872634887695,
    36.503631591796875,
    36.46869659423828,
    36.80268478393555,
    36.763553619384766,
    36.53437805175781,
    36.752376556396484,
    37.059810638427734,
    37.23029708862305,
    37.3155403137207,
    37.258243560791016,
    37.544715881347656,
    37.61458969116211,
    37.82839584350586,
    37.61319351196289,
    37.73057556152344,
    37.913639068603516,
    37.95137023925781,
    38.08272933959961,
    38.133033752441406,
    38.32727813720703,
    38.37339401245117,
    38.549468994140625,
    38.543880462646484,
    38.56763458251953,
    38.690608978271484,
    38.5802116394043,
    38.93236541748047,
    38.944942474365234,
    39.09446716308594
  ],
  "FedMV": [
    18.908607482910156,
    18.908607482910156,
    18.908607482910156,
    18.908607482910156,
    18.908607482910156,
    18.908607482910156,
    18.908607482910156,
    18.908607482910156,
    18.908607482910156,
    18.840133666992188,
    19.330631256103516,
    19.755449295043945,
    20.595304489135742,
    21.03689193725586,
    21.79429817199707,
    22.606204986572266,
    23.18474006652832,
    23.86249351501465,
    24.26634979248047,
    24.543041229248047,
    24.615707397460938,
    24.62269401550293,
    24.842090606689453,
    24.99720573425293,
    25.115985870361328,
    25.317216873168945,
    25.667970657348633,
    26.08859634399414,
    26.432363510131836,
    26.573505401611328,
    27.35746192932129,
    27.75572967529297,
    28.70318603515625,
    28.82196807861328,
    29.067914962768555,
    29.354387283325195,
    29.515092849731445,
    29.653438568115234,
    29.808551788330078,
    29.990217208862305,
    30.202627182006836,
    30.370319366455078,
    30.504470825195312,
    30.289268493652344,
    30.631637573242188,
    30.70849609375,
    31.01313591003418,
    31.246505737304688,
    31.280044555664062,
    31.397428512573242,
    31.78870964050293,
    31.574901580810547,
    31.904695510864258,
    32.07658004760742,
    32.305755615234375,
    32.205142974853516,
    31.964784622192383,
    32.52375793457031,
    32.72917938232422,
    32.940189361572266,
    33.14421463012695,
    33.074344635009766,
    33.20290756225586,
    33.53828811645508,
    33.814979553222656,
    33.68362045288086,
    33.602569580078125,
    33.903018951416016,
    34.30687713623047,
    34.350196838378906,
    34.31386184692383,
    34.376747131347656,
    34.566795349121094,
    34.81414031982422,
    34.847679138183594,
    35.061485290527344,
    35.35494613647461,
    35.34516525268555,
    35.487701416015625,
    35.61906051635742,
    35.413639068603516,
    35.75181579589844,
    35.90134048461914,
    36.08161163330078,
    36.11514663696289,
    36.29122543334961,
    36.330352783203125,
    36.622413635253906,
    36.752376556396484,
    36.89491271972656,
    36.96338653564453,
    37.0877571105957,
    37.31134796142578,
    37.13527297973633,
    37.3155403137207,
    37.61458969116211,
    37.73057556152344,
    37.491615295410156,
    37.976524353027344,
    37.91783142089844
  ],