{
  "HybridFL": [
    5.0,
    5.21999979019165,
    8.880000114440918,
    11.479999542236328,
    14.479999542236328,
    14.65999984741211,
    19.420000076293945,
    21.200000762939453,
    19.670000076293945,
    20.920000076293945,
    22.389999389648438,
    19.850000381469727,
    22.31999969482422,
    25.020000457763672,
    24.030000686645508,
    28.06999969482422,
    21.31999969482422,
    31.149999618530273,
    25.65999984741211,
    29.139999389648438,
    30.690000534057617,
    25.639999389648438,
    32.189998626708984,
    28.610000610351562,
    31.530000686645508,
    35.22999954223633,
    30.59000015258789,
    33.279998779296875,
    35.720001220703125,
    35.72999954223633,
    35.209999084472656,
    37.369998931884766,
    37.36000061035156,
    35.91999816894531,
    34.84000015258789,
    35.15999984741211,
    34.849998474121094,
    36.93000030517578,
    36.38999938964844,
    29.479999542236328,
    33.529998779296875,
    39.220001220703125,
    33.16999816894531,
    38.5099983215332,
    37.34000015258789,
    33.970001220703125,
    37.13999938964844,
    37.65999984741211,
    43.7400016784668,
    38.27000045776367,
    39.959999084472656,
    39.2400016784668,
    34.29999923706055,
    42.06999969482422,
    35.060001373291016,
    38.16999816894531,
    40.66999816894531,
    40.66999816894531,
    36.709999084472656,
    40.93000030517578,
    40.02000045776367,
    35.189998626708984,
    35.59000015258789,
    40.61000061035156,
    38.34000015258789,
    38.810001373291016,
    40.9900016784668,
    38.709999084472656,
    38.689998626708984,
    39.08000183105469,
    40.52000045776367,
    39.369998931884766,
    36.20000076293945,
    41.61000061035156,
    41.25,
    41.40999984741211,
    42.13999938964844,
    43.310001373291016,
    41.970001220703125,
    39.66999816894531,
    38.599998474121094,
    46.25,
    39.38999938964844,
    41.209999084472656,
    43.61000061035156,
    41.56999969482422,
    41.959999084472656,
    40.5099983215332,
    43.119998931884766,
    37.0,
    42.470001220703125,
    38.630001068115234,
    38.279998779296875,
    44.689998626708984,
    44.869998931884766,
    44.400001525878906,
    44.150001525878906,
    45.380001068115234,
    40.65999984741211,
    43.790000915527344
  ],
  "FedDU_Mut": [
    13.760000228881836,
    17.280000686645508,
    22.469999313354492,
    22.360000610351562,
    25.809999465942383,
    27.920000076293945,
    27.690000534057617,
    27.469999313354492,
    28.920000076293945,
    29.219999313354492,
    29.6200008392334,
    32.279998779296875,
    31.790000915527344,
    34.459999084472656,
    32.529998779296875,
    33.779998779296875,
    33.63999938964844,
    34.779998779296875,
    36.279998779296875,
    36.08000183105469,
    37.099998474121094,
    39.029998779296875,
    37.54999923706055,
    37.75,
    37.59000015258789,
    39.029998779296875,
    38.56999969482422,
    39.36000061035156,
    40.83000183105469,
    39.400001525878906,
    39.2599983215332,
    39.75,
    40.15999984741211,
    40.5,
    41.36000061035156,
    41.0099983215332,
    40.4900016784668,
    41.25,
    41.599998474121094,
    41.90999984741211,
    42.380001068115234,
    41.83000183105469,
    42.130001068115234,
    41.880001068115234,
    42.779998779296875,
    41.7599983215332,
    43.970001220703125,
    43.220001220703125,
    43.79999923706055,
    43.959999084472656,
    43.52000045776367,
    43.9900016784668,
    43.099998474121094,
    43.61000061035156,
    42.540000915527344,
    43.880001068115234,
    44.040000915527344,
    44.04999923706055,
    45.369998931884766,
    44.95000076293945,
    44.380001068115234,
    45.130001068115234,
    46.22999954223633,
    45.5,
    43.91999816894531,
    44.31999969482422,
    43.72999954223633,
    44.040000915527344,
    44.20000076293945,
    45.2599983215332,
    45.7400016784668,
    45.86000061035156,
    45.84000015258789,
    45.58000183105469,
    44.630001068115234,
    45.22999954223633,
    45.15999984741211,
    45.22999954223633,
    45.2599983215332,
    46.0,
    46.52000045776367,
    46.27000045776367,
    46.25,
    45.7400016784668,
    45.25,
    44.97999954223633,
    44.93000030517578,
    44.86000061035156,
    46.31999969482422,
    45.790000915527344,
    45.91999816894531,
    44.540000915527344,
    46.91999816894531,
    46.5099983215332,
    45.63999938964844,
    46.5099983215332,
    46.83000183105469,
    45.61000061035156,
    46.79999923706055,
    45.7599983215332
  ]
}