{
  "CLG_Mut_2": [
    14.739999771118164,
    18.260000228881836,
    20.229999542236328,
    21.399999618530273,
    19.920000076293945,
    21.690000534057617,
    24.8700008392334,
    26.729999542236328,
    26.719999313354492,
    28.440000534057617,
    28.229999542236328,
    29.06999969482422,
    29.079999923706055,
    31.049999237060547,
    30.860000610351562,
    31.25,
    32.380001068115234,
    33.150001525878906,
    33.380001068115234,
    33.7599983215332,
    33.849998474121094,
    34.95000076293945,
    35.349998474121094,
    35.79999923706055,
    35.58000183105469,
    36.31999969482422,
    36.970001220703125,
    36.79999923706055,
    37.70000076293945,
    37.970001220703125,
    38.95000076293945,
    38.75,
    38.959999084472656,
    38.84000015258789,
    39.7599983215332,
    38.790000915527344,
    39.5,
    40.5099983215332,
    40.11000061035156,
    39.560001373291016,
    40.470001220703125,
    41.380001068115234,
    41.34000015258789,
    40.45000076293945,
    41.13999938964844,
    42.290000915527344,
    42.41999816894531,
    43.90999984741211,
    43.220001220703125,
    42.619998931884766,
    42.900001525878906,
    42.900001525878906,
    42.279998779296875,
    42.86000061035156,
    42.779998779296875,
    43.09000015258789,
    44.34000015258789,
    43.43000030517578,
    44.880001068115234,
    44.41999816894531,
    44.369998931884766,
    44.939998626708984,
    44.70000076293945,
    43.40999984741211,
    45.529998779296875,
    43.88999938964844,
    44.77000045776367,
    44.70000076293945,
    45.38999938964844,
    45.189998626708984,
    45.959999084472656,
    46.16999816894531,
    45.56999969482422,
    45.70000076293945,
    45.220001220703125,
    46.0099983215332,
    45.84000015258789,
    46.08000183105469,
    46.150001525878906,
    46.13999938964844,
    46.97999954223633,
    46.619998931884766,
    46.689998626708984,
    46.86000061035156,
    48.119998931884766,
    47.20000076293945,
    46.25,
    46.869998931884766,
    45.77000045776367,
    46.81999969482422,
    47.22999954223633,
    46.36000061035156,
    47.22999954223633,
    47.72999954223633,
    47.130001068115234,
    46.83000183105469,
    47.84000015258789,
    47.75,
    47.72999954223633,
    45.650001525878906
  ],
  "HybridFL": [
    5.0,
    6.809999942779541,
    13.979999542236328,
    17.540000915527344,
    19.06999969482422,
    22.190000534057617,
    25.649999618530273,
    26.540000915527344,
    30.360000610351562,
    30.549999237060547,
    33.119998931884766,
    35.939998626708984,
    36.61000061035156,
    39.63999938964844,
    38.150001525878906,
    40.66999816894531,
    40.619998931884766,
    38.0099983215332,
    42.5,
    42.86000061035156,
    43.630001068115234,
    43.66999816894531,
    44.02000045776367,
    43.349998474121094,
    45.2400016784668,
    42.9900016784668,
    42.75,
    45.470001220703125,
    44.689998626708984,
    45.84000015258789,
    47.88999938964844,
    43.869998931884766,
    46.279998779296875,
    46.29999923706055,
    47.529998779296875,
    45.70000076293945,
    47.18000030517578,
    44.279998779296875,
    47.09000015258789,
    45.279998779296875,
    46.63999938964844,
    46.91999816894531,
    48.529998779296875,
    48.4900016784668,
    49.279998779296875,
    48.970001220703125,
    48.720001220703125,
    47.880001068115234,
    49.560001373291016,
    48.36000061035156,
    46.83000183105469,
    48.220001220703125,
    48.59000015258789,
    47.970001220703125,
    48.689998626708984,
    50.59000015258789,
    49.66999816894531,
    49.599998474121094,
    49.93000030517578,
    48.09000015258789,
    50.06999969482422,
    48.959999084472656,
    50.18000030517578,
    50.33000183105469,
    49.0099983215332,
    48.09000015258789,
    48.52000045776367,
    50.08000183105469,
    50.779998779296875,
    50.810001373291016,
    49.310001373291016,
    49.880001068115234,
    48.59000015258789,
    50.27000045776367,
    50.31999969482422,
    50.20000076293945,
    49.5,
    51.290000915527344,
    50.630001068115234,
    49.9900016784668,
    51.060001373291016,
    50.04999923706055,
    52.459999084472656,
    51.34000015258789,
    51.290000915527344,
    51.369998931884766,
    51.56999969482422,
    51.22999954223633,
    51.72999954223633,
    50.75,
    52.68000030517578,
    52.119998931884766,
    51.33000183105469,
    49.959999084472656,
    52.560001373291016,
    51.970001220703125,
    52.86000061035156,
    50.63999938964844,
    51.97999954223633,
    51.040000915527344
  ],
  "CLG_SGD": [
    14.75,
    18.290000915527344,
    20.639999389648438,
    21.270000457763672,
    23.93000030517578,
    23.690000534057617,
    23.860000610351562,
    24.989999771118164,
    26.18000030517578,
    26.239999771118164,
    27.59000015258789,
    25.479999542236328,
    28.770000457763672,
    30.530000686645508,
    32.709999084472656,
    32.869998931884766,
    34.29999923706055,
    33.459999084472656,
    34.33000183105469,
    35.22999954223633,
    36.38999938964844,
    37.11000061035156,
    38.099998474121094,
    37.380001068115234,
    38.18000030517578,
    38.59000015258789,
    38.72999954223633,
    38.650001525878906,
    40.619998931884766,
    38.11000061035156,
    40.11000061035156,
    40.970001220703125,
    41.31999969482422,
    42.29999923706055,
    41.529998779296875,
    42.5099983215332,
    42.75,
    43.02000045776367,
    42.099998474121094,
    43.060001373291016,
    44.08000183105469,
    44.7400016784668,
    43.97999954223633,
    45.709999084472656,
    45.15999984741211,
    44.599998474121094,
    44.95000076293945,
    43.97999954223633,
    45.83000183105469,
    46.040000915527344,
    45.349998474121094,
    46.20000076293945,
    47.27000045776367,
    47.560001373291016,
    46.59000015258789,
    46.959999084472656,
    47.029998779296875,
    47.2400016784668,
    47.779998779296875,
    47.56999969482422,
    47.91999816894531,
    48.16999816894531,
    48.150001525878906,
    48.369998931884766,
    48.939998626708984,
    48.439998626708984,
    49.369998931884766,
    48.810001373291016,
    48.77000045776367,
    49.33000183105469,
    48.599998474121094,
    49.36000061035156,
    49.25,
    49.380001068115234,
    50.630001068115234,
    49.66999816894531,
    49.279998779296875,
    50.09000015258789,
    49.869998931884766,
    50.04999923706055,
    50.189998626708984,
    49.95000076293945,
    50.11000061035156,
    48.34000015258789,
    47.63999938964844,
    50.209999084472656,
    49.43000030517578,
    50.31999969482422,
    47.59000015258789,
    50.09000015258789,
    50.86000061035156,
    50.959999084472656,
    51.849998474121094,
    50.63999938964844,
    50.130001068115234,
    51.45000076293945,
    49.86000061035156,
    51.380001068115234,
    51.209999084472656,
    50.9900016784668
  ],