{
  "FedDU": [
    0.015279084939451874,
    0.015619541150088428
  ],
  "FedATMV": [
    0.0165379598763807,
    0.01904505139768004
  ]
}