{
  "FedDU": [
    12.579999923706055,
    18.530000686645508
  ],
  "FedATMV": [
    11.739999771118164,
    21.290000915527344
  ]
}