{
  "HybridFL": [
    6.769999980926514,
    7.010000228881836,
    15.90999984741211,
    15.5,
    18.670000076293945,
    20.969999313354492,
    22.639999389648438,
    23.829999923706055,
    25.1299991607666,
    26.079999923706055,
    29.450000762939453,
    29.079999923706055,
    30.0,
    33.41999816894531,
    34.380001068115234,
    33.11000061035156,
    36.400001525878906,
    38.47999954223633,
    38.630001068115234,
    40.09000015258789,
    40.7400016784668,
    40.86000061035156,
    42.209999084472656,
    43.599998474121094,
    43.380001068115234,
    43.83000183105469,
    44.75,
    44.77000045776367,
    46.25,
    46.279998779296875,
    46.77000045776367,
    46.41999816894531,
    47.380001068115234,
    47.2599983215332,
    47.09000015258789,
    48.18000030517578,
    49.25,
    49.47999954223633,
    47.77000045776367,
    49.290000915527344,
    49.279998779296875,
    48.5,
    49.2599983215332,
    49.189998626708984,
    48.68000030517578,
    50.43000030517578,
    50.38999938964844,
    50.31999969482422,
    50.08000183105469,
    50.13999938964844,
    50.060001373291016,
    50.40999984741211,
    51.650001525878906,
    51.2599983215332,
    50.630001068115234,
    50.540000915527344,
    52.15999984741211,
    51.290000915527344,
    52.09000015258789,
    51.13999938964844,
    52.77000045776367,
    52.38999938964844,
    51.84000015258789,
    51.970001220703125,
    52.060001373291016,
    52.45000076293945,
    52.29999923706055,
    52.5099983215332,
    50.779998779296875,
    52.34000015258789,
    52.36000061035156,
    53.15999984741211,
    51.97999954223633,
    53.220001220703125,
    53.25,
    53.2599983215332,
    53.70000076293945,
    54.209999084472656,
    53.7599983215332,
    52.2599983215332,
    52.70000076293945,
    52.959999084472656,
    53.630001068115234,
    53.56999969482422,
    53.25,
    53.9900016784668,
    53.540000915527344,
    53.88999938964844,
    52.36000061035156,
    53.709999084472656,
    54.56999969482422,
    52.63999938964844,
    54.310001373291016,
    53.59000015258789,
    53.08000183105469,
    54.209999084472656,
    54.15999984741211,
    54.90999984741211,
    54.630001068115234,
    53.9900016784668
  ],
  "FedDU_Mut": [
    10.760000228881836,
    16.25,
    19.670000076293945,
    25.010000228881836,
    27.09000015258789,
    32.689998626708984,
    34.470001220703125,
    33.22999954223633,
    35.75,
    38.029998779296875,
    39.5099983215332,
    40.40999984741211,
    40.18000030517578,
    42.09000015258789,
    42.720001220703125,
    42.220001220703125,
    43.61000061035156,
    45.04999923706055,
    44.7599983215332,
    46.470001220703125,
    46.560001373291016,
    45.75,
    46.63999938964844,
    47.34000015258789,
    46.650001525878906,
    47.939998626708984,
    47.88999938964844,
    49.150001525878906,
    49.7400016784668,
    48.880001068115234,
    49.0099983215332,
    49.95000076293945,
    51.189998626708984,
    50.400001525878906,
    50.529998779296875,
    50.7400016784668,
    51.459999084472656,
    50.41999816894531,
    50.7599983215332,
    51.08000183105469,
    51.45000076293945,
    51.470001220703125,
    52.040000915527344,
    52.400001525878906,
    51.66999816894531,
    51.83000183105469,
    52.599998474121094,
    51.77000045776367,
    52.02000045776367,
    52.54999923706055,
    51.95000076293945,
    52.84000015258789,
    52.209999084472656,
    52.18000030517578,
    52.27000045776367,
    52.86000061035156,
    53.119998931884766,
    52.93000030517578,
    53.70000076293945,
    53.72999954223633,
    52.869998931884766,
    54.290000915527344,
    53.43000030517578,
    53.79999923706055,
    53.95000076293945,
    53.369998931884766,
    54.09000015258789,
    53.86000061035156,
    54.36000061035156,
    53.689998626708984,
    53.5099983215332,
    53.560001373291016,
    54.33000183105469,
    54.560001373291016,
    54.45000076293945,
    53.470001220703125,
    53.31999969482422,
    53.88999938964844,
    53.560001373291016,
    54.41999816894531,
    53.79999923706055,
    54.400001525878906,
    53.7400016784668,
    54.689998626708984,
    54.33000183105469,
    53.9900016784668,
    54.65999984741211,
    54.52000045776367,
    55.0,
    53.599998474121094,
    54.150001525878906,
    55.31999969482422,
    54.45000076293945,
    54.959999084472656,
    55.29999923706055,
    55.93000030517578,
    54.86000061035156,
    55.31999969482422,
    55.91999816894531,
    54.9900016784668
  ]
}