{
  "FedMut": [
    18.908607482910156,
    18.908607482910156,
    18.908607482910156,
    18.908607482910156,
    18.908607482910156,
    18.908607482910156,
    18.908607482910156,
    18.908607482910156,
    18.908607482910156,
    18.910005569458008,
    18.833147048950195,
    19.566797256469727,
    19.918949127197266,
    20.384292602539062,
    21.261878967285156,
    21.39603042602539,
    22.375629425048828,
    23.110675811767578,
    23.708776473999023,
    24.137786865234375,
    24.636669158935547,
    24.73728370666504,
    24.844884872436523,
    24.9720516204834,
    25.13834571838379,
    25.227781295776367,
    25.57015037536621,
    26.152877807617188,
    26.948015213012695,
    27.537731170654297,
    28.04220199584961,
    28.58580207824707,
    28.929569244384766,
    29.073505401611328,
    29.344606399536133,
    29.306875228881836,
    29.31525993347168,
    29.403297424316406,
    29.675796508789062,
    29.822526931762695,
    30.174678802490234,
    30.217998504638672,
    30.46953582763672,
    30.735048294067383,
    31.028507232666016,
    31.186416625976562,
    31.126327514648438,
    31.443544387817383,
    31.76914405822754,
    31.741195678710938,
    31.95500373840332,
    31.978759765625,
    32.070987701416016,
    32.45807647705078,
    32.4441032409668,
    32.58943557739258,
    32.81162643432617,
    32.940189361572266,
    32.92062759399414,
    33.00447082519531,
    33.163780212402344,
    33.35941696166992,
    33.644493103027344,
    33.70318603515625,
    33.97987747192383,
    34.03996658325195,
    34.21324920654297,
    34.18110656738281,
    34.47456741333008,
    34.53605270385742,
    34.44801712036133,
    34.773616790771484,
    35.382896423339844,
    35.35354995727539,
    35.34516525268555,
    35.75321578979492,
    35.726661682128906,
    35.80072784423828,
    36.069034576416016,
    36.0271110534668,
    36.502235412597656,
    36.39183807373047,
    35.99916076660156,
    36.68110656738281,
    36.76495361328125,
    36.87395095825195,
    37.07658004760742,
    37.15623092651367,
    36.95220947265625,
    37.138065338134766,
    37.237281799316406,
    37.138065338134766,
    37.47484588623047,
    37.54611587524414,
    37.418949127197266,
    37.720794677734375,
    38.01006317138672,
    37.961151123046875,
    37.96953582763672,
    38.03242111206055
  ],
  "Server_only": [
    4.643655776977539,
    18.908607482910156,
    18.908607482910156,
    18.908607482910156,
    19.329235076904297,
    16.978759765625,
    17.332307815551758,
    19.756847381591797,
    19.991615295410156,
    17.31414222717285,
    19.900781631469727,
    19.14896583557129,
    22.657909393310547,
    26.604248046875,
    17.884292602539062,
    23.86808204650879,
    29.320850372314453,
    28.479597091674805,
    29.157350540161133,
    31.10955810546875,
    32.361656188964844,
    30.07126808166504,
    33.430686950683594,
    33.30072784423828,
    31.069032669067383,
    35.740638732910156,
    19.36696434020996,
    34.85606384277344,
    31.872554779052734,
    35.07685852050781,
    36.43795394897461,
    37.16741180419922,
    34.55841064453125,
    36.10955810546875,
    36.91307830810547,
    36.98574447631836,
    35.627445220947266,
    36.946617126464844,
    35.77836608886719,
    33.06455993652344,
    34.941307067871094,
    38.346839904785156,
    34.45220947265625,
    37.77529525756836,
    36.82783508300781,
    36.93544006347656,
    30.16489601135254,
    35.006988525390625,
    36.34432601928711,
    34.122413635253906,
    37.0346565246582,
    32.35886001586914,
    35.669368743896484,
    35.55058670043945,
    35.11039733886719,
    31.307992935180664,
    34.351593017578125,
    29.688373565673828,
    30.317216873168945,
    33.855506896972656,
    33.107879638671875,
    33.37059783935547,
    33.98127365112305,
    32.5027961730957,
    32.0318603515625,
    33.450252532958984,
    32.321128845214844,
    30.679149627685547,
    32.2568473815918,
    31.98015594482422,
    31.382057189941406,
    29.415874481201172,
    31.69647789001465,
    28.08971405029297,
    31.319171905517578,
    31.10396957397461,
    31.192007064819336,
    30.568754196166992,
    30.672163009643555,
    30.619060516357422,
    30.785354614257812,
    30.596702575683594,
    30.87059783935547,
    30.786752700805664,
    30.721073150634766,
    30.396869659423828,
    30.459754943847656,
    30.3088321685791,
    30.21240997314453,
    30.23476791381836,
    30.0936279296875,
    30.346561431884766,
    29.932924270629883,
    30.6428165435791,
    31.04387855529785,
    30.863611221313477,
    30.735048294067383,
    30.6428165435791,
    30.54499626159668,
    30.487703323364258
  ],
  "FedAvg": [
    18.908607482910156,
    18.908607482910156,
    18.908607482910156,
    18.908607482910156,
    18.908607482910156,
    18.908607482910156,
    18.908607482910156,
    18.908607482910156,
    18.908607482910156,
    18.908607482910156,
    18.908607482910156,
    18.908607482910156,
    18.908607482910156,
    18.908607482910156,
    18.908607482910156,
    18.908607482910156,
    18.908607482910156,
    18.908607482910156,
    18.908607482910156,
    18.908607482910156,
    18.908607482910156,
    18.908607482910156,
    18.908607482910156,
    18.908607482910156,
    18.908607482910156,
    18.910005569458008,
    18.89603042602539,
    18.854108810424805,
    18.856903076171875,
    18.999441146850586,
    19.714923858642578,
    19.925935745239258,
    20.205421447753906,
    20.691726684570312,
    20.9237003326416,
    21.516210556030273,
    21.433761596679688,
    21.915874481201172,
    22.131078720092773,
    22.483230590820312,
    23.04639434814453,
    23.27836799621582,
    23.60396957397461,
    23.86808204650879,
    23.84572410583496,
    24.116825103759766,
    24.305477142333984,
    24.34181022644043,
    24.392118453979492,
    24.653438568115234,
    24.76103973388672,
    24.818334579467773,
    24.888206481933594,
    24.900781631469727,
    24.918949127197266,
    24.925935745239258,
    25.008384704589844,
    25.00279426574707,
    25.008384704589844,
    24.995807647705078,
    25.07266616821289,
    25.039127349853516,
    25.128562927246094,
    25.099218368530273,
    25.149524688720703,
    25.16210174560547,
    25.321409225463867,
    25.438793182373047,
    25.904136657714844,
    26.03968620300293,
    25.716880798339844,
    27.202346801757812,
    27.87451171875,
    27.847959518432617,
    28.04080581665039,
    28.504751205444336,
    28.79960823059082,
    28.77585220336914,
    28.72554588317871,
    29.114030838012695,
    29.1321964263916,
    29.109838485717773,
    29.36277198791504,
    29.583566665649414,
    29.509502410888672,
    29.677194595336914,
    29.783397674560547,
    30.099218368530273,
    30.21380615234375,
    30.346561431884766,
    30.347959518432617,
    30.42901039123535,
    30.465343475341797,
    30.70989418029785,
    30.721073150634766,
    31.173839569091797,
    31.185020446777344,
    31.259082794189453,
    31.407211303710938,
    31.451929092407227
  ],