{
  "HybridFL": [
    5.0,
    6.239999771118164,
    14.890000343322754,
    15.670000076293945,
    16.860000610351562,
    18.760000228881836,
    18.709999084472656,
    23.219999313354492,
    24.270000457763672,
    27.0,
    30.3700008392334,
    25.34000015258789,
    31.729999542236328,
    33.52000045776367,
    35.52000045776367,
    35.099998474121094,
    35.86000061035156,
    36.560001373291016,
    36.20000076293945,
    39.0099983215332,
    38.20000076293945,
    39.59000015258789,
    40.220001220703125,
    38.2599983215332,
    37.81999969482422,
    42.29999923706055,
    42.63999938964844,
    42.54999923706055,
    40.47999954223633,
    44.349998474121094,
    44.75,
    45.43000030517578,
    45.380001068115234,
    42.790000915527344,
    45.220001220703125,
    44.869998931884766,
    46.11000061035156,
    44.40999984741211,
    44.310001373291016,
    47.060001373291016,
    47.459999084472656,
    47.43000030517578,
    47.22999954223633,
    48.619998931884766,
    44.380001068115234,
    45.18000030517578,
    46.16999816894531,
    46.779998779296875,
    48.79999923706055,
    47.33000183105469,
    47.9900016784668,
    48.599998474121094,
    48.52000045776367,
    49.560001373291016,
    49.06999969482422,
    48.400001525878906,
    47.849998474121094,
    48.88999938964844,
    47.47999954223633,
    48.779998779296875,
    49.220001220703125,
    50.29999923706055,
    49.02000045776367,
    47.43000030517578,
    48.18000030517578,
    48.86000061035156,
    49.09000015258789,
    49.689998626708984,
    50.38999938964844,
    51.65999984741211,
    50.2400016784668,
    52.189998626708984,
    50.209999084472656,
    50.060001373291016,
    50.099998474121094,
    50.650001525878906,
    50.689998626708984,
    49.029998779296875,
    52.970001220703125,
    49.380001068115234,
    52.40999984741211,
    52.459999084472656,
    50.59000015258789,
    52.220001220703125,
    51.91999816894531,
    51.72999954223633,
    51.20000076293945,
    51.36000061035156,
    51.54999923706055,
    51.22999954223633,
    52.5099983215332,
    52.84000015258789,
    53.209999084472656,
    51.560001373291016,
    51.33000183105469,
    51.66999816894531,
    52.939998626708984,
    52.369998931884766,
    52.40999984741211,
    52.40999984741211
  ],
  "FedDU_Mut": [
    9.239999771118164,
    19.09000015258789,
    22.389999389648438,
    23.399999618530273,
    28.1200008392334,
    27.780000686645508,
    33.66999816894531,
    34.060001373291016,
    33.33000183105469,
    34.709999084472656,
    35.93000030517578,
    36.790000915527344,
    37.93000030517578,
    38.84000015258789,
    39.2400016784668,
    40.77000045776367,
    40.7599983215332,
    43.2599983215332,
    43.81999969482422,
    44.59000015258789,
    44.15999984741211,
    45.099998474121094,
    43.63999938964844,
    44.93000030517578,
    44.61000061035156,
    45.61000061035156,
    45.5099983215332,
    45.790000915527344,
    47.20000076293945,
    47.0,
    46.31999969482422,
    48.04999923706055,
    47.970001220703125,
    48.290000915527344,
    49.880001068115234,
    48.90999984741211,
    47.86000061035156,
    48.61000061035156,
    50.63999938964844,
    49.720001220703125,
    48.9900016784668,
    49.88999938964844,
    48.56999969482422,
    48.720001220703125,
    48.36000061035156,
    48.630001068115234,
    50.029998779296875,
    50.560001373291016,
    50.810001373291016,
    49.77000045776367,
    50.16999816894531,
    50.36000061035156,
    50.84000015258789,
    50.369998931884766,
    50.459999084472656,
    51.849998474121094,
    51.599998474121094,
    51.150001525878906,
    52.13999938964844,
    51.68000030517578,
    51.790000915527344,
    51.7400016784668,
    50.900001525878906,
    52.5,
    52.970001220703125,
    51.150001525878906,
    51.880001068115234,
    51.529998779296875,
    52.16999816894531,
    52.91999816894531,
    53.209999084472656,
    51.880001068115234,
    52.25,
    52.709999084472656,
    51.70000076293945,
    53.41999816894531,
    52.9900016784668,
    52.29999923706055,
    52.68000030517578,
    51.90999984741211,
    53.84000015258789,
    52.58000183105469,
    52.58000183105469,
    51.2599983215332,
    52.38999938964844,
    51.400001525878906,
    52.119998931884766,
    53.56999969482422,
    53.06999969482422,
    53.130001068115234,
    53.459999084472656,
    53.29999923706055,
    53.099998474121094,
    53.720001220703125,
    54.16999816894531,
    53.68000030517578,
    54.13999938964844,
    54.380001068115234,
    53.779998779296875,
    53.470001220703125
  ]
}