{
  "HybridFL": [
    5.0,
    5.070000171661377,
    8.489999771118164,
    9.25,
    12.800000190734863,
    14.649999618530273,
    18.170000076293945,
    21.489999771118164,
    18.709999084472656,
    20.5,
    23.149999618530273,
    19.780000686645508,
    23.329999923706055,
    25.479999542236328,
    24.65999984741211,
    27.739999771118164,
    22.040000915527344,
    31.479999542236328,
    26.459999084472656,
    29.639999389648438,
    30.5,
    26.559999465942383,
    32.86000061035156,
    30.610000610351562,
    33.63999938964844,
    36.02000045776367,
    32.560001373291016,
    32.86000061035156,
    36.93000030517578,
    37.369998931884766,
    37.040000915527344,
    38.470001220703125,
    38.459999084472656,
    38.150001525878906,
    35.86000061035156,
    36.77000045776367,
    35.939998626708984,
    38.959999084472656,
    38.54999923706055,
    31.670000076293945,
    37.040000915527344,
    40.02000045776367,
    32.880001068115234,
    38.95000076293945,
    37.41999816894531,
    34.88999938964844,
    37.09000015258789,
    38.79999923706055,
    43.709999084472656,
    40.11000061035156,
    41.22999954223633,
    41.709999084472656,
    36.04999923706055,
    41.58000183105469,
    36.68000030517578,
    39.66999816894531,
    41.68000030517578,
    40.43000030517578,
    37.11000061035156,
    41.79999923706055,
    42.279998779296875,
    37.5,
    37.029998779296875,
    41.529998779296875,
    38.880001068115234,
    39.689998626708984,
    42.220001220703125,
    40.27000045776367,
    40.38999938964844,
    40.11000061035156,
    40.959999084472656,
    39.61000061035156,
    36.79999923706055,
    43.13999938964844,
    42.38999938964844,
    41.93000030517578,
    43.02000045776367,
    45.22999954223633,
    42.540000915527344,
    40.81999969482422,
    39.779998779296875,
    45.470001220703125,
    38.97999954223633,
    42.97999954223633,
    42.029998779296875,
    42.13999938964844,
    42.43000030517578,
    40.09000015258789,
    41.09000015258789,
    39.13999938964844,
    43.40999984741211,
    38.81999969482422,
    40.61000061035156,
    46.06999969482422,
    44.880001068115234,
    44.900001525878906,
    44.7599983215332,
    44.90999984741211,
    43.959999084472656,
    44.33000183105469
  ],
  "FedDU_Mut": [
    15.010000228881836,
    17.920000076293945,
    22.3799991607666,
    22.81999969482422,
    25.8799991607666,
    28.170000076293945,
    24.780000686645508,
    27.43000030517578,
    28.260000228881836,
    29.719999313354492,
    31.34000015258789,
    30.56999969482422,
    29.540000915527344,
    32.08000183105469,
    33.52000045776367,
    34.09000015258789,
    34.7599983215332,
    36.13999938964844,
    36.61000061035156,
    36.150001525878906,
    36.779998779296875,
    38.86000061035156,
    36.77000045776367,
    37.2599983215332,
    37.529998779296875,
    38.41999816894531,
    37.900001525878906,
    39.099998474121094,
    40.599998474121094,
    39.040000915527344,
    38.95000076293945,
    39.29999923706055,
    39.380001068115234,
    39.279998779296875,
    40.810001373291016,
    40.68000030517578,
    40.970001220703125,
    41.189998626708984,
    42.220001220703125,
    42.04999923706055,
    42.439998626708984,
    40.810001373291016,
    41.72999954223633,
    41.619998931884766,
    41.810001373291016,
    41.349998474121094,
    43.56999969482422,
    42.810001373291016,
    43.04999923706055,
    43.56999969482422,
    43.54999923706055,
    43.65999984741211,
    43.45000076293945,
    43.61000061035156,
    43.0099983215332,
    44.0099983215332,
    44.459999084472656,
    43.33000183105469,
    46.15999984741211,
    44.2599983215332,
    44.13999938964844,
    44.59000015258789,
    45.45000076293945,
    45.470001220703125,
    43.93000030517578,
    44.7599983215332,
    43.56999969482422,
    44.15999984741211,
    43.650001525878906,
    45.869998931884766,
    45.68000030517578,
    45.36000061035156,
    45.209999084472656,
    45.380001068115234,
    44.06999969482422,
    44.209999084472656,
    45.02000045776367,
    45.2400016784668,
    45.36000061035156,
    46.130001068115234,
    46.599998474121094,
    46.349998474121094,
    46.2599983215332,
    45.13999938964844,
    44.849998474121094,
    44.70000076293945,
    45.029998779296875,
    44.93000030517578,
    45.630001068115234,
    45.5,
    45.029998779296875,
    44.0099983215332,
    45.90999984741211,
    45.849998474121094,
    45.75,
    46.619998931884766,
    47.290000915527344,
    45.90999984741211,
    46.59000015258789,
    45.400001525878906
  ]
}