{
  "CLG_FedMV": [
    16.149999618530273,
    22.09000015258789,
    26.1299991607666,
    25.25,
    25.010000228881836,
    27.059999465942383,
    25.959999084472656,
    25.670000076293945,
    23.68000030517578,
    25.540000915527344,
    26.0,
    27.43000030517578,
    27.200000762939453,
    27.209999084472656,
    27.549999237060547,
    27.670000076293945,
    28.6200008392334,
    28.219999313354492,
    29.3700008392334,
    28.469999313354492,
    30.18000030517578,
    30.790000915527344,
    30.209999084472656,
    28.6200008392334,
    28.31999969482422,
    31.31999969482422,
    28.139999389648438,
    29.489999771118164,
    28.639999389648438,
    33.689998626708984,
    33.88999938964844,
    33.86000061035156,
    34.0099983215332,
    32.86000061035156,
    32.7599983215332,
    32.66999816894531,
    32.47999954223633,
    33.040000915527344,
    32.75,
    33.16999816894531,
    33.189998626708984,
    33.91999816894531,
    31.510000228881836,
    34.41999816894531,
    35.689998626708984,
    34.93000030517578,
    33.18000030517578,
    32.060001373291016,
    32.70000076293945,
    34.459999084472656,
    35.290000915527344,
    33.27000045776367,
    34.540000915527344,
    35.08000183105469,
    34.29999923706055,
    36.4900016784668,
    35.70000076293945,
    34.97999954223633,
    34.709999084472656,
    34.689998626708984,
    32.95000076293945,
    34.06999969482422,
    35.220001220703125,
    35.2599983215332,
    34.40999984741211,
    35.119998931884766,
    33.40999984741211,
    31.600000381469727,
    30.969999313354492,
    31.639999389648438,
    30.68000030517578,
    36.439998626708984,
    34.790000915527344,
    35.439998626708984,
    31.31999969482422,
    36.150001525878906,
    31.489999771118164,
    32.099998474121094,
    35.290000915527344,
    37.380001068115234,
    34.56999969482422,
    36.029998779296875,
    37.029998779296875,
    37.56999969482422,
    37.0,
    37.40999984741211,
    34.880001068115234,
    36.15999984741211,
    34.40999984741211,
    34.52000045776367,
    36.54999923706055,
    36.470001220703125,
    34.95000076293945,
    35.90999984741211,
    34.77000045776367,
    35.38999938964844,
    37.61000061035156,
    37.209999084472656,
    36.70000076293945,
    35.61000061035156
  ],
  "FedDU_FedMV": [
    13.260000228881836,
    10.0,
    18.799999237060547,
    29.75,
    31.280000686645508,
    30.68000030517578,
    31.34000015258789,
    29.81999969482422,
    26.100000381469727,
    27.43000030517578,
    29.549999237060547,
    34.77000045776367,
    36.29999923706055,
    31.18000030517578,
    20.889999389648438,
    24.450000762939453,
    20.739999771118164,
    29.010000228881836,
    33.29999923706055,
    34.0,
    35.880001068115234,
    30.739999771118164,
    32.720001220703125,
    41.15999984741211,
    42.77000045776367,
    39.65999984741211,
    40.279998779296875,
    43.119998931884766,
    42.47999954223633,
    37.83000183105469,
    41.4900016784668,
    45.11000061035156,
    44.310001373291016,
    47.349998474121094,
    40.970001220703125,
    44.15999984741211,
    42.79999923706055,
    40.810001373291016,
    43.75,
    47.349998474121094,
    48.279998779296875,
    48.279998779296875,
    43.709999084472656,
    48.15999984741211,
    43.29999923706055,
    40.959999084472656,
    43.91999816894531,
    42.790000915527344,
    41.150001525878906,
    40.43000030517578,
    43.08000183105469,
    41.33000183105469,
    45.959999084472656,
    46.61000061035156,
    43.869998931884766,
    41.93000030517578,
    44.16999816894531,
    46.529998779296875,
    46.650001525878906,
    44.459999084472656,
    42.779998779296875,
    44.709999084472656,
    44.38999938964844,
    45.79999923706055,
    47.869998931884766,
    48.060001373291016,
    47.18000030517578,
    46.27000045776367,
    44.20000076293945,
    50.45000076293945,
    48.70000076293945,
    49.06999969482422,
    50.68000030517578,
    49.09000015258789,
    48.619998931884766,
    45.619998931884766,
    47.869998931884766,
    45.58000183105469,
    40.220001220703125,
    46.75,
    49.619998931884766,
    47.5099983215332,
    49.029998779296875,
    41.13999938964844,
    43.459999084472656,
    46.0099983215332,
    49.709999084472656,
    48.93000030517578,
    45.77000045776367,
    45.970001220703125,
    47.68000030517578,
    46.36000061035156,
    44.5099983215332,
    46.13999938964844,
    50.2400016784668,
    41.79999923706055,
    47.119998931884766,
    48.84000015258789,
    46.7599983215332,
    46.79999923706055
  ],
  "FedMV": [
    10.119999885559082,
    10.0,
    15.949999809265137,
    15.800000190734863,
    13.479999542236328,
    28.239999771118164,
    19.8700008392334,
    17.510000228881836,
    16.459999084472656,
    11.970000267028809,
    11.130000114440918,
    9.890000343322754,
    10.800000190734863,
    10.420000076293945,
    11.0,
    10.329999923706055,
    10.510000228881836,
    11.239999771118164,
    13.489999771118164,
    15.319999694824219,
    15.239999771118164,
    25.530000686645508,
    27.06999969482422,
    20.489999771118164,
    14.1899995803833,
    14.300000190734863,
    19.920000076293945,
    25.829999923706055,
    28.530000686645508,
    23.5,
    24.790000915527344,
    23.739999771118164,
    30.110000610351562,
    22.81999969482422,
    27.8700008392334,
    23.40999984741211,
    29.1200008392334,
    29.75,
    27.31999969482422,
    32.27000045776367,
    28.6299991607666,
    31.31999969482422,
    34.279998779296875,
    33.54999923706055,
    30.469999313354492,
    34.18000030517578,
    30.6299991607666,
    33.720001220703125,
    36.27000045776367,
    31.34000015258789,
    30.149999618530273,
    36.27000045776367,
    33.40999984741211,
    33.189998626708984,
    34.63999938964844,
    33.25,
    35.22999954223633,
    33.97999954223633,
    35.880001068115234,
    36.33000183105469,
    36.97999954223633,
    36.45000076293945,
    34.7400016784668,
    30.84000015258789,
    35.5,
    33.790000915527344,
    34.189998626708984,
    30.920000076293945,
    33.779998779296875,
    39.849998474121094,
    39.02000045776367,
    34.900001525878906,
    31.90999984741211,
    35.189998626708984,
    34.88999938964844,
    33.41999816894531,
    33.93000030517578,
    36.09000015258789,
    32.900001525878906,
    33.2599983215332,
    31.149999618530273,
    32.90999984741211,
    34.27000045776367,
    29.299999237060547,
    30.809999465942383,
    35.61000061035156,
    34.400001525878906,
    33.72999954223633,
    38.88999938964844,
    37.560001373291016,
    36.380001068115234,
    36.540000915527344,
    40.439998626708984,
    39.119998931884766,
    38.18000030517578,
    39.72999954223633,
    37.630001068115234,
    34.77000045776367,
    43.97999954223633,
    35.380001068115234
  ],