{
  "FedMut": [
    12.600000381469727,
    10.0,
    20.809999465942383,
    27.440000534057617,
    32.88999938964844,
    33.060001373291016,
    35.290000915527344,
    38.540000915527344,
    35.779998779296875,
    39.36000061035156,
    40.790000915527344,
    42.09000015258789,
    40.540000915527344,
    43.25,
    42.65999984741211,
    41.84000015258789,
    43.75,
    44.38999938964844,
    44.16999816894531,
    44.900001525878906,
    44.20000076293945,
    43.2599983215332,
    43.400001525878906,
    44.599998474121094,
    45.02000045776367,
    46.04999923706055,
    45.880001068115234,
    43.29999923706055,
    45.029998779296875,
    44.689998626708984,
    43.7599983215332,
    42.52000045776367,
    43.599998474121094,
    45.93000030517578,
    43.369998931884766,
    43.029998779296875,
    43.720001220703125,
    44.11000061035156,
    44.36000061035156,
    42.61000061035156,
    42.7400016784668,
    42.29999923706055,
    40.060001373291016,
    42.11000061035156,
    43.15999984741211,
    42.209999084472656,
    43.279998779296875,
    45.75,
    44.709999084472656,
    44.849998474121094,
    41.58000183105469,
    40.099998474121094,
    45.0,
    42.13999938964844,
    43.31999969482422,
    42.9900016784668,
    42.08000183105469,
    44.45000076293945,
    42.66999816894531,
    40.529998779296875,
    41.86000061035156,
    42.25,
    44.810001373291016,
    43.86000061035156,
    41.529998779296875,
    41.02000045776367,
    42.34000015258789,
    41.27000045776367,
    42.38999938964844,
    40.810001373291016,
    40.5,
    40.4900016784668,
    42.43000030517578,
    41.47999954223633,
    39.84000015258789,
    43.18000030517578,
    43.189998626708984,
    41.939998626708984,
    43.34000015258789,
    43.79999923706055,
    45.18000030517578,
    42.130001068115234,
    43.58000183105469,
    43.470001220703125,
    45.59000015258789,
    45.54999923706055,
    44.7400016784668,
    45.279998779296875,
    44.22999954223633,
    44.349998474121094,
    44.72999954223633,
    45.59000015258789,
    44.0,
    43.619998931884766,
    44.310001373291016,
    43.86000061035156,
    43.4900016784668,
    41.86000061035156,
    43.4900016784668,
    44.16999816894531
  ],
  "FedAvg": [
    11.1899995803833,
    20.860000610351562,
    23.59000015258789,
    23.030000686645508,
    26.1299991607666,
    27.84000015258789,
    28.239999771118164,
    31.149999618530273,
    31.420000076293945,
    32.880001068115234,
    32.22999954223633,
    34.91999816894531,
    36.56999969482422,
    36.709999084472656,
    34.88999938964844,
    36.470001220703125,
    34.31999969482422,
    37.099998474121094,
    38.59000015258789,
    40.58000183105469,
    37.029998779296875,
    40.66999816894531,
    35.66999816894531,
    38.33000183105469,
    39.630001068115234,
    38.2599983215332,
    36.75,
    41.47999954223633,
    40.58000183105469,
    40.63999938964844,
    41.369998931884766,
    41.36000061035156,
    40.310001373291016,
    41.130001068115234,
    38.91999816894531,
    40.599998474121094,
    39.849998474121094,
    40.93000030517578,
    40.400001525878906,
    41.099998474121094,
    41.59000015258789,
    41.540000915527344,
    41.22999954223633,
    41.72999954223633,
    43.150001525878906,
    40.52000045776367,
    40.959999084472656,
    44.0,
    41.47999954223633,
    41.709999084472656,
    40.38999938964844,
    43.849998474121094,
    44.54999923706055,
    43.380001068115234,
    43.22999954223633,
    43.2400016784668,
    43.29999923706055,
    43.209999084472656,
    43.04999923706055,
    41.349998474121094,
    43.31999969482422,
    42.68000030517578,
    43.790000915527344,
    41.31999969482422,
    42.04999923706055,
    40.939998626708984,
    40.900001525878906,
    44.31999969482422,
    42.43000030517578,
    43.650001525878906,
    41.54999923706055,
    42.709999084472656,
    43.790000915527344,
    44.349998474121094,
    44.02000045776367,
    42.47999954223633,
    43.65999984741211,
    42.2599983215332,
    43.5099983215332,
    42.849998474121094,
    43.56999969482422,
    43.7400016784668,
    43.88999938964844,
    43.540000915527344,
    42.790000915527344,
    43.40999984741211,
    44.2599983215332,
    43.70000076293945,
    42.779998779296875,
    43.779998779296875,
    44.439998626708984,
    43.540000915527344,
    43.099998474121094,
    41.849998474121094,
    43.220001220703125,
    43.970001220703125,
    43.36000061035156,
    42.959999084472656,
    42.29999923706055,
    43.709999084472656
  ],
  "Hybrid-FL": [
    13.220000267028809,
    20.059999465942383,
    19.420000076293945,
    25.190000534057617,
    25.229999542236328,
    28.469999313354492,
    30.510000228881836,
    30.93000030517578,
    33.18000030517578,
    33.29999923706055,
    32.33000183105469,
    36.34000015258789,
    36.040000915527344,
    35.15999984741211,
    35.95000076293945,
    37.470001220703125,
    37.369998931884766,
    36.75,
    38.52000045776367,
    39.869998931884766,
    38.43000030517578,
    39.41999816894531,
    41.0,
    40.0099983215332,
    40.400001525878906,
    40.79999923706055,
    41.349998474121094,
    39.380001068115234,
    43.650001525878906,
    41.20000076293945,
    41.40999984741211,
    41.97999954223633,
    43.08000183105469,
    42.650001525878906,
    43.16999816894531,
    42.150001525878906,
    42.689998626708984,
    43.61000061035156,
    43.52000045776367,
    42.709999084472656,
    42.619998931884766,
    43.95000076293945,
    44.150001525878906,
    42.939998626708984,
    43.95000076293945,
    42.970001220703125,
    45.279998779296875,
    43.849998474121094,
    44.900001525878906,
    43.9900016784668,
    44.04999923706055,
    43.209999084472656,
    40.97999954223633,
    45.209999084472656,
    44.02000045776367,
    46.02000045776367,
    44.13999938964844,
    44.959999084472656,
    44.70000076293945,
    43.900001525878906,
    46.18000030517578,
    44.52000045776367,
    43.9900016784668,
    43.4900016784668,
    43.560001373291016,
    45.45000076293945,
    45.22999954223633,
    44.09000015258789,
    44.5099983215332,
    45.40999984741211,
    44.880001068115234,
    45.02000045776367,
    45.22999954223633,
    46.459999084472656,
    45.91999816894531,
    45.54999923706055,
    45.0099983215332,
    44.599998474121094,
    44.63999938964844,
    45.36000061035156,
    44.66999816894531,
    45.34000015258789,
    44.380001068115234,
    44.52000045776367,
    44.279998779296875,
    45.95000076293945,
    46.04999923706055,
    46.04999923706055,
    46.68000030517578,
    45.099998474121094,
    45.29999923706055,
    43.08000183105469,
    46.22999954223633,
    45.52000045776367,
    44.81999969482422,
    45.97999954223633,
    46.08000183105469,
    46.459999084472656,
    45.119998931884766,
    44.84000015258789
  ],