{
  "CLG_FedMV": [
    16.579999923706055,
    17.170000076293945,
    19.610000610351562,
    22.059999465942383,
    23.309999465942383,
    26.75,
    27.920000076293945,
    27.59000015258789,
    28.639999389648438,
    27.639999389648438,
    29.950000762939453,
    28.209999084472656,
    31.329999923706055,
    31.780000686645508,
    33.33000183105469,
    33.58000183105469,
    34.70000076293945,
    37.099998474121094,
    36.4900016784668,
    37.439998626708984,
    38.150001525878906,
    38.880001068115234,
    39.65999984741211,
    39.709999084472656,
    40.540000915527344,
    38.18000030517578,
    41.060001373291016,
    41.81999969482422,
    42.61000061035156,
    42.849998474121094,
    43.34000015258789,
    44.45000076293945,
    45.15999984741211,
    45.2599983215332,
    45.18000030517578,
    45.349998474121094,
    46.34000015258789,
    46.22999954223633,
    46.20000076293945,
    46.36000061035156,
    47.2599983215332,
    46.7400016784668,
    46.380001068115234,
    47.72999954223633,
    47.4900016784668,
    47.9900016784668,
    48.040000915527344,
    49.31999969482422,
    48.06999969482422,
    49.16999816894531,
    48.22999954223633,
    49.54999923706055,
    48.81999969482422,
    49.84000015258789,
    49.38999938964844,
    49.0099983215332,
    50.209999084472656,
    49.7400016784668,
    49.93000030517578,
    49.81999969482422,
    49.66999816894531,
    48.150001525878906,
    48.16999816894531,
    49.869998931884766,
    49.79999923706055,
    51.29999923706055,
    50.22999954223633,
    50.70000076293945,
    50.810001373291016,
    50.040000915527344,
    49.970001220703125,
    50.65999984741211,
    51.459999084472656,
    51.33000183105469,
    51.47999954223633,
    51.56999969482422,
    50.2400016784668,
    51.150001525878906,
    51.81999969482422,
    52.369998931884766,
    52.31999969482422,
    51.63999938964844,
    52.40999984741211,
    51.119998931884766,
    51.63999938964844,
    50.459999084472656,
    52.529998779296875,
    51.47999954223633,
    52.43000030517578,
    51.709999084472656,
    52.06999969482422,
    52.099998474121094,
    53.29999923706055,
    52.77000045776367,
    52.41999816894531,
    52.939998626708984,
    50.380001068115234,
    51.869998931884766,
    51.93000030517578,
    53.56999969482422
  ],
  "FedDU_FedMV": [
    5.0,
    11.960000038146973,
    13.0,
    14.069999694824219,
    20.420000076293945,
    22.579999923706055,
    24.719999313354492,
    30.09000015258789,
    31.280000686645508,
    30.989999771118164,
    35.0,
    36.060001373291016,
    35.439998626708984,
    37.15999984741211,
    38.599998474121094,
    36.95000076293945,
    37.290000915527344,
    41.58000183105469,
    42.61000061035156,
    40.84000015258789,
    42.650001525878906,
    43.86000061035156,
    45.61000061035156,
    45.63999938964844,
    45.93000030517578,
    46.29999923706055,
    48.13999938964844,
    45.77000045776367,
    49.0099983215332,
    45.849998474121094,
    48.68000030517578,
    48.91999816894531,
    48.380001068115234,
    47.45000076293945,
    50.150001525878906,
    50.279998779296875,
    51.33000183105469,
    46.529998779296875,
    48.880001068115234,
    49.91999816894531,
    50.959999084472656,
    52.02000045776367,
    52.029998779296875,
    50.459999084472656,
    52.5,
    50.63999938964844,
    51.4900016784668,
    51.439998626708984,
    51.459999084472656,
    51.529998779296875,
    51.84000015258789,
    52.0,
    51.56999969482422,
    51.869998931884766,
    52.619998931884766,
    53.54999923706055,
    51.959999084472656,
    52.900001525878906,
    52.45000076293945,
    51.560001373291016,
    53.83000183105469,
    51.63999938964844,
    51.59000015258789,
    52.869998931884766,
    52.310001373291016,
    51.41999816894531,
    53.52000045776367,
    53.97999954223633,
    53.75,
    51.2400016784668,
    52.38999938964844,
    53.83000183105469,
    53.25,
    53.41999816894531,
    54.34000015258789,
    53.68000030517578,
    54.09000015258789,
    54.16999816894531,
    53.13999938964844,
    54.66999816894531,
    53.619998931884766,
    52.849998474121094,
    54.47999954223633,
    53.66999816894531,
    52.63999938964844,
    54.13999938964844,
    54.58000183105469,
    53.93000030517578,
    53.97999954223633,
    54.11000061035156,
    54.369998931884766,
    54.18000030517578,
    54.349998474121094,
    53.68000030517578,
    55.2400016784668,
    55.540000915527344,
    55.650001525878906,
    55.119998931884766,
    54.34000015258789,
    54.93000030517578
  ],
  "FedMV": [
    5.570000171661377,
    8.710000038146973,
    10.9399995803833,
    14.300000190734863,
    17.040000915527344,
    17.280000686645508,
    16.959999084472656,
    20.1200008392334,
    22.809999465942383,
    22.75,
    21.479999542236328,
    24.989999771118164,
    28.170000076293945,
    26.0,
    31.040000915527344,
    33.650001525878906,
    31.31999969482422,
    29.56999969482422,
    34.209999084472656,
    35.959999084472656,
    36.310001373291016,
    39.16999816894531,
    40.02000045776367,
    40.06999969482422,
    41.540000915527344,
    37.470001220703125,
    42.540000915527344,
    40.029998779296875,
    42.560001373291016,
    39.27000045776367,
    41.97999954223633,
    41.630001068115234,
    44.630001068115234,
    45.709999084472656,
    45.68000030517578,
    43.83000183105469,
    45.5,
    45.0099983215332,
    46.91999816894531,
    46.880001068115234,
    47.86000061035156,
    47.47999954223633,
    46.15999984741211,
    46.15999984741211,
    47.630001068115234,
    48.5099983215332,
    46.15999984741211,
    48.599998474121094,
    49.02000045776367,
    48.63999938964844,
    47.959999084472656,
    48.36000061035156,
    49.25,
    49.130001068115234,
    48.310001373291016,
    50.11000061035156,
    49.400001525878906,
    47.72999954223633,
    49.61000061035156,
    49.38999938964844,
    49.06999969482422,
    48.65999984741211,
    49.400001525878906,
    49.47999954223633,
    50.63999938964844,
    51.099998474121094,
    49.15999984741211,
    49.75,
    50.5,
    50.86000061035156,
    49.15999984741211,
    51.5099983215332,
    49.9900016784668,
    50.630001068115234,
    50.040000915527344,
    49.40999984741211,
    50.58000183105469,
    50.7599983215332,
    49.38999938964844,
    50.529998779296875,
    52.11000061035156,
    52.63999938964844,
    49.84000015258789,
    51.68000030517578,
    52.04999923706055,
    49.65999984741211,
    51.599998474121094,
    52.38999938964844,
    50.689998626708984,
    51.150001525878906,
    51.66999816894531,
    50.34000015258789,
    50.72999954223633,
    51.7599983215332,
    51.70000076293945,
    51.060001373291016,
    51.189998626708984,
    50.970001220703125,
    51.93000030517578,
    51.029998779296875
  ],