lambda_val,FedDU_Mut_r20_acc,FedDU_Mut_r20_loss,FedDU_Mut_final_acc,FedDU_Mut_final_loss
0.0,56.720001220703125,0.007321487451631525,64.4000015258789,0.0026121875500410294
0.5,56.33000183105469,0.007643425755584738,63.220001220703125,0.00186478002140358
1.0,60.529998779296875,0.0088146183210476,65.13999938964844,0.0014678964191803374
1.5,57.560001373291016,0.006865116653206424,64.04000091552734,0.0017089343539181982
2.0,56.7400016784668,0.008080771470184907,63.63999938964844,0.002492020547326948
0.0,57.52000045776367,0.007710414026960732,64.93000030517578,0.002131262575281869
3.0,56.349998474121094,0.009244761679422626,63.060001373291016,0.0021754366635680514
4.0,57.36000061035156,0.006291518175266242,63.849998474121094,0.0025340567902025065
