lambda_val,FedDU_Mut_r20_acc,FedDU_Mut_r20_loss,FedDU_Mut_final_acc,FedDU_Mut_final_loss
0.1,56.08000183105469,0.0070876602607243735,63.310001373291016,0.002513694851205603
0.25,55.119998931884766,0.008349624286466075,63.150001525878906,0.002203919838171122
0.5,55.83000183105469,0.007394850358245588,62.86000061035156,0.0015923635022963554
1.0,55.5099983215332,0.007379278716127141,64.2300033569336,0.0026993502071663788
2.0,53.66999816894531,0.00985884073996727,63.52000045776367,0.0018603308318635256
4.0,52.939998626708984,0.009687658516643194,63.27000045776367,0.0018009302424568609
8.0,54.84000015258789,0.008990317586351397,60.90999984741211,0.001764389013280497
