lambda_val,FedDU_Mut_r20_acc,FedDU_Mut_r20_loss,FedDU_Mut_final_acc,FedDU_Mut_final_loss
0.1,45.90999984741211,0.005365340673214631,48.9900016784668,0.0035556055825185966
0.25,49.470001220703125,0.004827038932793588,50.90999984741211,0.0037730344870303455
0.5,47.61000061035156,0.004748937134959389,50.349998474121094,0.009869470924430742
1.0,48.29999923706055,0.0047707019171265375,53.290000915527344,0.006450151331853832
2.0,48.59000015258789,0.005228472873363725,52.58000183105469,0.0027769158320123696
4.0,47.65999984741211,0.004819057738848715,51.70000076293945,0.0029436653363520177
8.0,46.0099983215332,0.005993611674624268,50.58000183105469,0.0033226066052007568
