lambda_val,FedDU_Mut_r20_acc,FedDU_Mut_r20_loss,FedDU_Mut_final_acc,FedDU_Mut_final_loss
0.0,56.52000045776367,0.01168634311722761,65.52999877929688,0.002740396246610379
0.5,57.470001220703125,0.012102471519938924,66.52999877929688,0.0027590918251990597
1.0,57.88999938964844,0.012343981694497845,67.26000213623047,0.0033052288767331365
1.5,56.75,0.015496847789531405,66.44999694824219,0.0035031420103443624
2.0,55.45000076293945,0.01950111838768829,65.79000091552734,0.005138642882267861
0.0,56.43000030517578,0.0132213964195414,65.58000183105469,0.0023170605410356075
3.0,58.599998474121094,0.016468345784057273,66.80999755859375,0.003141871897952461
4.0,48.63999938964844,0.027911027481881054,62.06999969482422,0.014125479083169589
