lambda_val,FedDU_Mut_r20_acc,FedDU_Mut_r20_loss,FedDU_Mut_final_acc,FedDU_Mut_final_loss
0.5,56.66999816894531,0.011892328444597394,66.08999633789062,0.0031207218146332622
1.0,57.810001373291016,0.013482350966402074,65.6500015258789,0.0027938335289882325
1.5,57.16999816894531,0.012239624996584925,66.38999938964844,0.0028049527565863997
2.0,57.560001373291016,0.014479909260808067,66.44000244140625,0.0031493406009775672
