lambda_val,FedDU_Mut_r20_acc,FedDU_Mut_r20_loss,FedDU_Mut_final_acc,FedDU_Mut_final_loss
0.8,54.400001525878906,0.007506570297889809,62.52000045776367,0.0025643980176527402
1.0,54.310001373291016,0.00895238476845882,61.970001220703125,0.002313115112218012
1.2,55.47999954223633,0.00725206015496569,62.810001373291016,0.0015195619438207859
1.4,56.16999816894531,0.007809722083637285,63.599998474121094,0.002616096569024392
1.6,53.34000015258789,0.00888085872132821,62.97999954223633,0.0019064956194095003
