lambda_val,FedDU_Mut_r20_acc,FedDU_Mut_r20_loss,FedDU_Mut_final_acc,FedDU_Mut_final_loss
0.0,53.43000030517578,0.003783830117130004,54.52000045776367,0.002095885586321952
0.5,53.58000183105469,0.0043511053692995285,54.970001220703125,0.003166324095810641
1.0,53.619998931884766,0.003924178284000528,56.68000030517578,0.005023256023108151
1.5,54.31999969482422,0.003822063122845773,56.709999084472656,0.0038645751299563598
2.0,53.68000030517578,0.00395024300107338,57.189998626708984,0.0019683611110535367
3.0,53.18000030517578,0.004083991240321292,55.959999084472656,0.002131186690790826
4.0,54.0099983215332,0.0038648268893475596,56.95000076293945,0.0027662778695531722
