lambda_val,FedDU_Mut_r20_acc,FedDU_Mut_r20_loss,FedDU_Mut_final_acc,FedDU_Mut_final_loss
0.0,59.369998931884766,0.006381519206337192,63.459999084472656,0.0025023526274728053
0.5,58.77000045776367,0.006677169943771524,62.15999984741211,0.002382161053392226
1.0,59.02000045776367,0.006345390715413996,64.22000122070312,0.0018983578248392677
1.5,58.66999816894531,0.006333053677824083,63.20000076293945,0.00288024879281565
2.0,57.72999954223633,0.006586377498317228,63.22999954223633,0.0022171997093695882
3.0,58.38999938964844,0.00682237763540757,63.790000915527344,0.0018696484696420954
4.0,58.77000045776367,0.006007154748181447,62.45000076293945,0.00190675949049242
