lambda_val,FedDU_Mut_r20_acc,FedDU_Mut_r20_loss,FedDU_Mut_final_acc,FedDU_Mut_final_loss
0.8,45.66999816894531,0.0054489851485345145,50.09000015258789,0.003316598191207567
1.0,48.130001068115234,0.004854688329571734,50.59000015258789,0.003798375122857703
1.2,49.060001373291016,0.004707922390804805,50.02000045776367,0.009976191662940852
1.4,46.220001220703125,0.005078217580283818,53.099998474121094,0.007220291216738075
1.6,48.470001220703125,0.005236570308122392,53.349998474121094,0.0028762199714942992
