lambda_val,FedDU_Mut_r20_acc,FedDU_Mut_r20_loss,FedDU_Mut_final_acc,FedDU_Mut_final_loss
0.0,54.209999084472656,0.005867628738821893,54.290000915527344,0.012011658614819388
0.5,52.25,0.006165093084857864,55.869998931884766,0.0035660627195795934
1.0,51.72999954223633,0.004345524785626181,56.9900016784668,0.00323574262905723
1.5,50.2599983215332,0.004800061794399656,53.709999084472656,0.003878914220446877
2.0,50.65999984741211,0.006234988786459451,55.439998626708984,0.0026907540172334114
2.5,50.369998931884766,0.00568705002940988,56.220001220703125,0.0024126336094686374
