radius,FedDU_Mut_r20_acc,FedDU_Mut_r20_loss,FedDU_Mut_final_acc,FedDU_Mut_final_loss
0,35.63999938964844,0.010335555312301096,52.04999923706055,0.001452752619662414
