radius,FedDU_Mut_r20_acc,FedDU_Mut_r20_loss,FedDU_Mut_final_acc,FedDU_Mut_final_loss
6,10.0,1097660.5868783921,10.239999771118164,223.51626154993656
