radius,FedDU_Mut_r20_acc,FedDU_Mut_r20_loss,FedDU_Mut_final_acc,FedDU_Mut_final_loss
5,53.599998474121094,0.0060465686215649,53.310001373291016,0.012179895376812501
