radius,FedDU_Mut_r20_acc,FedDU_Mut_r20_loss,FedDU_Mut_final_acc,FedDU_Mut_final_loss
0,35.880001068115234,0.00873208679877592,45.34000015258789,0.0019849061281624176
