{
  "CLG_FedMV": [
    20.290000915527344,
    24.229999542236328,
    26.25,
    28.989999771118164,
    30.079999923706055,
    36.099998474121094,
    37.90999984741211,
    33.77000045776367,
    33.709999084472656,
    37.68000030517578,
    38.65999984741211,
    40.40999984741211,
    39.86000061035156,
    41.63999938964844,
    43.880001068115234,
    45.40999984741211,
    46.45000076293945,
    48.040000915527344,
    48.7599983215332,
    49.349998474121094,
    49.5099983215332,
    50.2599983215332,
    50.95000076293945,
    50.959999084472656,
    51.380001068115234,
    51.79999923706055,
    51.56999969482422,
    51.63999938964844,
    51.900001525878906,
    52.09000015258789,
    52.529998779296875,
    52.86000061035156,
    52.619998931884766,
    52.099998474121094,
    53.130001068115234,
    53.47999954223633,
    53.459999084472656,
    53.540000915527344,
    53.349998474121094,
    53.59000015258789,
    53.529998779296875,
    53.790000915527344,
    53.7400016784668,
    53.75,
    54.09000015258789,
    53.91999816894531,
    53.93000030517578,
    54.380001068115234,
    54.349998474121094,
    54.619998931884766,
    55.099998474121094,
    54.72999954223633,
    54.45000076293945,
    54.68000030517578,
    55.04999923706055,
    54.869998931884766,
    55.08000183105469,
    54.58000183105469,
    55.220001220703125,
    54.81999969482422,
    54.77000045776367,
    54.189998626708984,
    55.29999923706055,
    55.11000061035156,
    54.439998626708984,
    55.400001525878906,
    55.33000183105469,
    54.90999984741211,
    55.4900016784668,
    54.9900016784668,
    55.33000183105469,
    54.959999084472656,
    55.459999084472656,
    55.290000915527344,
    55.86000061035156,
    55.68000030517578,
    55.31999969482422,
    55.43000030517578,
    55.560001373291016,
    55.810001373291016,
    55.43000030517578,
    55.38999938964844,
    55.54999923706055,
    54.959999084472656,
    55.130001068115234,
    55.31999969482422,
    55.08000183105469,
    55.93000030517578,
    55.040000915527344,
    55.810001373291016,
    56.33000183105469,
    55.61000061035156,
    56.060001373291016,
    55.619998931884766,
    55.70000076293945,
    56.209999084472656,
    55.54999923706055,
    55.959999084472656,
    55.720001220703125,
    55.97999954223633
  ],
  "FedDU_FedMV": [
    17.420000076293945,
    23.06999969482422,
    28.920000076293945,
    32.13999938964844,
    32.779998779296875,
    37.22999954223633,
    37.25,
    36.150001525878906,
    40.459999084472656,
    40.310001373291016,
    43.119998931884766,
    43.9900016784668,
    44.31999969482422,
    46.27000045776367,
    47.56999969482422,
    47.470001220703125,
    47.84000015258789,
    48.90999984741211,
    48.65999984741211,
    48.709999084472656,
    49.9900016784668,
    50.4900016784668,
    50.34000015258789,
    50.75,
    51.40999984741211,
    52.029998779296875,
    51.72999954223633,
    51.68000030517578,
    52.439998626708984,
    53.20000076293945,
    51.900001525878906,
    53.08000183105469,
    52.5,
    52.7599983215332,
    52.900001525878906,
    52.58000183105469,
    52.31999969482422,
    53.7599983215332,
    53.380001068115234,
    54.0099983215332,
    52.400001525878906,
    53.7400016784668,
    54.099998474121094,
    54.22999954223633,
    54.65999984741211,
    54.369998931884766,
    54.040000915527344,
    55.2599983215332,
    53.529998779296875,
    54.06999969482422,
    54.529998779296875,
    54.529998779296875,
    53.91999816894531,
    54.689998626708984,
    54.70000076293945,
    54.310001373291016,
    54.689998626708984,
    54.869998931884766,
    55.63999938964844,
    53.790000915527344,
    55.36000061035156,
    54.77000045776367,
    54.72999954223633,
    55.52000045776367,
    54.529998779296875,
    54.38999938964844,
    54.29999923706055,
    54.27000045776367,
    53.45000076293945,
    55.779998779296875,
    55.59000015258789,
    55.220001220703125,
    54.560001373291016,
    55.11000061035156,
    55.31999969482422,
    55.689998626708984,
    55.220001220703125,
    55.61000061035156,
    54.150001525878906,
    55.52000045776367,
    55.95000076293945,
    54.75,
    55.779998779296875,
    55.4900016784668,
    55.09000015258789,
    55.79999923706055,
    54.86000061035156,
    54.790000915527344,
    55.13999938964844,
    55.459999084472656,
    54.720001220703125,
    55.06999969482422,
    55.220001220703125,
    54.58000183105469,
    55.04999923706055,
    55.5099983215332,
    54.40999984741211,
    56.29999923706055,
    55.83000183105469,
    55.52000045776367
  ],
  "FedMV": [
    5.0,
    13.399999618530273,
    12.359999656677246,
    14.770000457763672,
    18.770000457763672,
    17.510000228881836,
    19.299999237060547,
    24.200000762939453,
    22.93000030517578,
    23.540000915527344,
    26.520000457763672,
    28.6299991607666,
    29.31999969482422,
    31.770000457763672,
    33.34000015258789,
    34.36000061035156,
    33.470001220703125,
    37.08000183105469,
    39.400001525878906,
    37.31999969482422,
    35.209999084472656,
    37.7599983215332,
    40.06999969482422,
    42.189998626708984,
    42.61000061035156,
    43.09000015258789,
    43.02000045776367,
    43.9900016784668,
    41.65999984741211,
    45.459999084472656,
    44.15999984741211,
    45.310001373291016,
    42.83000183105469,
    44.47999954223633,
    43.599998474121094,
    45.34000015258789,
    45.290000915527344,
    47.43000030517578,
    46.40999984741211,
    47.18000030517578,
    47.27000045776367,
    48.439998626708984,
    48.54999923706055,
    48.869998931884766,
    48.84000015258789,
    47.72999954223633,
    48.20000076293945,
    49.2599983215332,
    49.630001068115234,
    47.18000030517578,
    49.04999923706055,
    50.029998779296875,
    49.040000915527344,
    49.13999938964844,
    50.09000015258789,
    50.72999954223633,
    49.63999938964844,
    49.380001068115234,
    50.83000183105469,
    50.790000915527344,
    48.90999984741211,
    50.439998626708984,
    49.81999969482422,
    49.470001220703125,
    49.09000015258789,
    50.439998626708984,
    50.400001525878906,
    50.849998474121094,
    51.869998931884766,
    49.959999084472656,
    50.459999084472656,
    51.25,
    51.97999954223633,
    50.33000183105469,
    51.599998474121094,
    50.9900016784668,
    51.959999084472656,
    51.40999984741211,
    49.779998779296875,
    51.209999084472656,
    51.130001068115234,
    49.68000030517578,
    50.16999816894531,
    52.279998779296875,
    52.90999984741211,
    51.130001068115234,
    51.58000183105469,
    52.279998779296875,
    50.90999984741211,
    52.459999084472656,
    52.95000076293945,
    52.83000183105469,
    51.560001373291016,
    52.369998931884766,
    50.84000015258789,
    51.36000061035156,
    51.38999938964844,
    51.18000030517578,
    51.70000076293945,
    51.58000183105469
  ],