{
  "CLG_Mut_2": [
    23.239999771118164,
    29.290000915527344,
    29.520000457763672,
    32.79999923706055,
    33.09000015258789,
    35.16999816894531,
    36.880001068115234,
    38.310001373291016,
    37.959999084472656,
    37.720001220703125,
    39.90999984741211,
    41.04999923706055,
    42.709999084472656,
    44.279998779296875,
    46.27000045776367,
    46.400001525878906,
    49.04999923706055,
    50.959999084472656,
    50.970001220703125,
    52.5,
    53.63999938964844,
    54.529998779296875,
    55.45000076293945,
    55.91999816894531,
    57.040000915527344,
    57.220001220703125,
    58.5,
    58.970001220703125,
    58.77000045776367,
    59.5099983215332,
    59.470001220703125,
    59.68000030517578,
    60.11000061035156,
    60.939998626708984,
    61.22999954223633,
    61.310001373291016,
    61.31999969482422,
    62.060001373291016,
    61.279998779296875,
    62.06999969482422,
    61.97999954223633,
    61.41999816894531,
    60.95000076293945,
    62.06999969482422,
    62.2400016784668,
    60.65999984741211,
    61.91999816894531,
    61.939998626708984,
    62.31999969482422,
    62.209999084472656,
    61.959999084472656,
    62.599998474121094,
    61.43000030517578,
    62.36000061035156,
    62.650001525878906,
    62.2599983215332,
    62.31999969482422,
    62.40999984741211,
    61.720001220703125,
    62.20000076293945,
    61.349998474121094,
    62.540000915527344,
    63.04999923706055,
    62.310001373291016,
    63.04999923706055,
    62.83000183105469,
    63.16999816894531,
    62.7599983215332,
    63.06999969482422,
    62.63999938964844,
    62.619998931884766,
    62.220001220703125,
    62.630001068115234,
    63.220001220703125,
    62.77000045776367,
    62.619998931884766,
    62.88999938964844,
    63.220001220703125,
    63.25,
    62.36000061035156,
    63.029998779296875,
    63.220001220703125,
    62.880001068115234,
    63.099998474121094,
    62.470001220703125,
    63.13999938964844,
    62.970001220703125,
    62.43000030517578,
    62.9900016784668,
    62.900001525878906,
    63.16999816894531,
    62.560001373291016,
    62.939998626708984,
    63.459999084472656,
    62.95000076293945,
    62.880001068115234,
    62.56999969482422,
    62.959999084472656,
    62.41999816894531,
    62.880001068115234
  ],
  "HybridFL": [
    14.449999809265137,
    27.510000228881836,
    29.81999969482422,
    36.97999954223633,
    38.77000045776367,
    42.150001525878906,
    42.09000015258789,
    43.63999938964844,
    45.630001068115234,
    45.939998626708984,
    46.13999938964844,
    49.029998779296875,
    48.90999984741211,
    47.2400016784668,
    48.27000045776367,
    47.04999923706055,
    49.939998626708984,
    49.880001068115234,
    51.40999984741211,
    52.290000915527344,
    51.95000076293945,
    50.349998474121094,
    52.189998626708984,
    51.97999954223633,
    52.810001373291016,
    52.13999938964844,
    53.84000015258789,
    54.540000915527344,
    54.130001068115234,
    53.63999938964844,
    52.599998474121094,
    54.84000015258789,
    55.27000045776367,
    53.880001068115234,
    56.040000915527344,
    56.34000015258789,
    56.16999816894531,
    54.939998626708984,
    55.599998474121094,
    55.880001068115234,
    54.45000076293945,
    56.290000915527344,
    56.560001373291016,
    57.209999084472656,
    54.77000045776367,
    55.91999816894531,
    56.27000045776367,
    56.619998931884766,
    56.939998626708984,
    56.56999969482422,
    56.11000061035156,
    56.43000030517578,
    57.279998779296875,
    58.119998931884766,
    57.72999954223633,
    58.06999969482422,
    57.790000915527344,
    56.58000183105469,
    56.45000076293945,
    58.47999954223633,
    57.790000915527344,
    57.86000061035156,
    56.75,
    58.4900016784668,
    58.099998474121094,
    57.58000183105469,
    57.7400016784668,
    58.38999938964844,
    56.88999938964844,
    58.68000030517578,
    58.939998626708984,
    58.38999938964844,
    58.18000030517578,
    57.2599983215332,
    58.54999923706055,
    57.83000183105469,
    58.45000076293945,
    58.97999954223633,
    59.04999923706055,
    59.65999984741211,
    57.650001525878906,
    59.439998626708984,
    59.27000045776367,
    59.5099983215332,
    59.470001220703125,
    59.9900016784668,
    59.18000030517578,
    58.97999954223633,
    58.68000030517578,
    58.040000915527344,
    59.06999969482422,
    59.209999084472656,
    58.91999816894531,
    59.380001068115234,
    57.369998931884766,
    58.790000915527344,
    56.189998626708984,
    59.900001525878906,
    59.150001525878906,
    59.58000183105469
  ],
  "CLG_SGD": [
    24.1299991607666,
    26.770000457763672,
    29.59000015258789,
    29.84000015258789,
    28.8799991607666,
    33.93000030517578,
    35.83000183105469,
    35.220001220703125,
    35.06999969482422,
    37.709999084472656,
    39.220001220703125,
    38.38999938964844,
    38.84000015258789,
    39.06999969482422,
    38.79999923706055,
    39.36000061035156,
    38.93000030517578,
    39.5,
    40.56999969482422,
    40.81999969482422,
    41.9900016784668,
    41.31999969482422,
    43.119998931884766,
    42.68000030517578,
    42.439998626708984,
    43.459999084472656,
    43.86000061035156,
    44.47999954223633,
    45.81999969482422,
    46.90999984741211,
    46.560001373291016,
    48.310001373291016,
    47.91999816894531,
    47.880001068115234,
    48.900001525878906,
    48.2599983215332,
    50.29999923706055,
    50.470001220703125,
    51.13999938964844,
    51.529998779296875,
    51.84000015258789,
    52.08000183105469,
    52.08000183105469,
    53.189998626708984,
    53.65999984741211,
    53.45000076293945,
    53.869998931884766,
    53.34000015258789,
    52.40999984741211,
    53.59000015258789,
    53.189998626708984,
    54.2599983215332,
    54.709999084472656,
    53.81999969482422,
    55.84000015258789,
    55.150001525878906,
    54.75,
    55.36000061035156,
    56.0,
    56.47999954223633,
    56.849998474121094,
    55.70000076293945,
    55.2400016784668,
    56.779998779296875,
    56.709999084472656,
    56.7400016784668,
    57.02000045776367,
    56.290000915527344,
    56.7400016784668,
    57.75,
    56.970001220703125,
    56.290000915527344,
    57.70000076293945,
    57.470001220703125,
    56.869998931884766,
    57.95000076293945,
    57.22999954223633,
    56.75,
    56.31999969482422,
    58.06999969482422,
    57.400001525878906,
    57.959999084472656,
    58.060001373291016,
    58.939998626708984,
    58.11000061035156,
    58.13999938964844,
    58.400001525878906,
    57.7400016784668,
    57.810001373291016,
    58.66999816894531,
    57.939998626708984,
    58.650001525878906,
    57.290000915527344,
    59.119998931884766,
    59.04999923706055,
    58.630001068115234,
    58.540000915527344,
    57.88999938964844,
    58.83000183105469,
    58.400001525878906
  ],