{
  "CLG_Mut_2": [
    14.739999771118164,
    18.260000228881836,
    20.229999542236328,
    21.34000015258789,
    20.010000228881836,
    21.950000762939453,
    24.65999984741211,
    27.190000534057617,
    26.389999389648438,
    29.0,
    27.829999923706055,
    28.84000015258789,
    29.940000534057617,
    31.020000457763672,
    32.189998626708984,
    31.530000686645508,
    31.979999542236328,
    32.84000015258789,
    32.689998626708984,
    33.43000030517578,
    33.95000076293945,
    34.58000183105469,
    34.18000030517578,
    34.779998779296875,
    35.72999954223633,
    35.90999984741211,
    37.81999969482422,
    37.09000015258789,
    37.16999816894531,
    37.779998779296875,
    38.02000045776367,
    38.060001373291016,
    38.52000045776367,
    39.119998931884766,
    40.2400016784668,
    40.52000045776367,
    40.0,
    40.45000076293945,
    40.099998474121094,
    40.2400016784668,
    40.75,
    41.5,
    41.25,
    40.939998626708984,
    40.79999923706055,
    41.63999938964844,
    42.290000915527344,
    43.93000030517578,
    43.560001373291016,
    43.2400016784668,
    43.15999984741211,
    42.779998779296875,
    43.619998931884766,
    42.86000061035156,
    43.650001525878906,
    43.65999984741211,
    44.90999984741211,
    44.040000915527344,
    44.41999816894531,
    44.86000061035156,
    44.810001373291016,
    44.81999969482422,
    45.130001068115234,
    44.380001068115234,
    45.459999084472656,
    43.84000015258789,
    45.06999969482422,
    44.83000183105469,
    45.47999954223633,
    45.86000061035156,
    46.2400016784668,
    46.25,
    45.630001068115234,
    45.279998779296875,
    44.869998931884766,
    45.189998626708984,
    46.119998931884766,
    45.45000076293945,
    46.0,
    45.470001220703125,
    47.09000015258789,
    46.83000183105469,
    46.86000061035156,
    46.70000076293945,
    48.15999984741211,
    47.11000061035156,
    46.06999969482422,
    46.439998626708984,
    45.880001068115234,
    46.880001068115234,
    47.380001068115234,
    46.72999954223633,
    47.060001373291016,
    47.459999084472656,
    47.130001068115234,
    47.099998474121094,
    47.68000030517578,
    47.2400016784668,
    47.4900016784668,
    47.4900016784668
  ],
  "HybridFL": [
    5.0,
    6.960000038146973,
    14.319999694824219,
    17.1299991607666,
    19.43000030517578,
    22.239999771118164,
    23.520000457763672,
    25.829999923706055,
    28.809999465942383,
    28.719999313354492,
    33.439998626708984,
    34.220001220703125,
    34.86000061035156,
    38.45000076293945,
    36.619998931884766,
    39.650001525878906,
    40.099998474121094,
    36.720001220703125,
    41.560001373291016,
    42.08000183105469,
    43.09000015258789,
    43.4900016784668,
    44.18000030517578,
    42.5,
    44.849998474121094,
    42.709999084472656,
    43.349998474121094,
    45.08000183105469,
    45.150001525878906,
    45.34000015258789,
    46.630001068115234,
    42.779998779296875,
    45.959999084472656,
    45.52000045776367,
    47.279998779296875,
    45.0099983215332,
    46.189998626708984,
    44.41999816894531,
    47.11000061035156,
    44.36000061035156,
    45.790000915527344,
    45.81999969482422,
    49.22999954223633,
    47.86000061035156,
    48.70000076293945,
    48.560001373291016,
    48.599998474121094,
    47.7599983215332,
    48.529998779296875,
    48.79999923706055,
    45.970001220703125,
    46.16999816894531,
    46.75,
    48.290000915527344,
    48.709999084472656,
    49.779998779296875,
    49.81999969482422,
    48.86000061035156,
    50.2400016784668,
    47.7400016784668,
    49.95000076293945,
    48.75,
    50.16999816894531,
    50.060001373291016,
    49.11000061035156,
    47.72999954223633,
    48.7400016784668,
    49.349998474121094,
    50.15999984741211,
    50.689998626708984,
    49.04999923706055,
    49.119998931884766,
    48.150001525878906,
    49.79999923706055,
    49.61000061035156,
    50.709999084472656,
    48.849998474121094,
    51.060001373291016,
    49.720001220703125,
    50.18000030517578,
    50.75,
    49.849998474121094,
    51.93000030517578,
    50.650001525878906,
    50.86000061035156,
    50.470001220703125,
    51.66999816894531,
    51.279998779296875,
    50.470001220703125,
    50.61000061035156,
    52.040000915527344,
    51.06999969482422,
    51.63999938964844,
    50.290000915527344,
    52.279998779296875,
    51.880001068115234,
    52.630001068115234,
    50.720001220703125,
    52.11000061035156,
    50.459999084472656
  ],
  "CLG_SGD": [
    14.75,
    18.290000915527344,
    19.790000915527344,
    20.610000610351562,
    22.100000381469727,
    23.079999923706055,
    25.209999084472656,
    25.290000915527344,
    26.190000534057617,
    27.399999618530273,
    27.200000762939453,
    26.030000686645508,
    28.399999618530273,
    31.299999237060547,
    32.31999969482422,
    32.16999816894531,
    34.18000030517578,
    34.45000076293945,
    34.34000015258789,
    35.56999969482422,
    37.0,
    37.7400016784668,
    37.540000915527344,
    36.630001068115234,
    37.75,
    38.04999923706055,
    39.189998626708984,
    38.58000183105469,
    40.59000015258789,
    39.869998931884766,
    40.15999984741211,
    41.5099983215332,
    40.84000015258789,
    41.52000045776367,
    42.0099983215332,
    43.63999938964844,
    44.40999984741211,
    43.130001068115234,
    43.650001525878906,
    43.349998474121094,
    44.220001220703125,
    45.08000183105469,
    44.709999084472656,
    46.31999969482422,
    46.040000915527344,
    45.970001220703125,
    45.439998626708984,
    46.56999969482422,
    46.880001068115234,
    47.459999084472656,
    47.400001525878906,
    46.93000030517578,
    47.779998779296875,
    48.040000915527344,
    47.689998626708984,
    48.529998779296875,
    46.599998474121094,
    47.56999969482422,
    47.16999816894531,
    48.59000015258789,
    47.279998779296875,
    46.560001373291016,
    47.040000915527344,
    48.619998931884766,
    48.099998474121094,
    48.060001373291016,
    48.9900016784668,
    47.439998626708984,
    48.9900016784668,
    45.9900016784668,
    47.810001373291016,
    45.619998931884766,
    48.38999938964844,
    49.29999923706055,
    49.84000015258789,
    49.93000030517578,
    50.56999969482422,
    49.279998779296875,
    50.20000076293945,
    50.13999938964844,
    50.34000015258789,
    50.439998626708984,
    51.27000045776367,
    49.939998626708984,
    49.5099983215332,
    50.630001068115234,
    51.220001220703125,
    49.9900016784668,
    50.099998474121094,
    50.849998474121094,
    51.11000061035156,
    50.650001525878906,
    51.52000045776367,
    51.099998474121094,
    50.95000076293945,
    51.220001220703125,
    50.09000015258789,
    51.790000915527344,
    51.38999938964844,
    51.61000061035156
  ],