{
  "CLG_Mut_2": [
    21.670000076293945,
    26.049999237060547,
    29.020000457763672,
    36.04999923706055,
    39.38999938964844,
    35.66999816894531,
    41.22999954223633,
    41.11000061035156,
    38.95000076293945,
    38.68000030517578,
    42.72999954223633,
    44.529998779296875,
    43.66999816894531,
    45.970001220703125,
    46.54999923706055,
    48.06999969482422,
    49.29999923706055,
    49.41999816894531,
    50.849998474121094,
    51.0099983215332,
    51.4900016784668,
    52.72999954223633,
    54.77000045776367,
    54.54999923706055,
    54.9900016784668,
    54.34000015258789,
    54.66999816894531,
    56.61000061035156,
    56.43000030517578,
    55.93000030517578,
    55.54999923706055,
    56.369998931884766,
    57.2599983215332,
    58.0099983215332,
    57.290000915527344,
    57.689998626708984,
    58.459999084472656,
    57.880001068115234,
    57.869998931884766,
    57.209999084472656,
    57.34000015258789,
    56.189998626708984,
    59.02000045776367,
    56.36000061035156,
    59.08000183105469,
    58.779998779296875,
    58.380001068115234,
    58.599998474121094,
    59.209999084472656,
    57.66999816894531,
    59.47999954223633,
    59.880001068115234,
    60.040000915527344,
    59.16999816894531,
    59.119998931884766,
    59.52000045776367,
    56.65999984741211,
    59.70000076293945,
    58.900001525878906,
    59.90999984741211,
    59.95000076293945,
    58.790000915527344,
    58.81999969482422,
    57.02000045776367,
    59.79999923706055,
    58.34000015258789,
    58.630001068115234,
    58.88999938964844,
    58.54999923706055,
    58.709999084472656,
    58.70000076293945,
    60.060001373291016,
    59.209999084472656,
    58.7400016784668,
    58.52000045776367,
    57.560001373291016,
    59.72999954223633,
    58.4900016784668,
    59.970001220703125,
    59.52000045776367,
    58.880001068115234,
    59.27000045776367,
    60.220001220703125,
    60.060001373291016,
    60.45000076293945,
    60.58000183105469,
    59.83000183105469,
    59.650001525878906,
    59.939998626708984,
    57.75,
    58.029998779296875,
    59.81999969482422,
    58.7400016784668,
    59.41999816894531,
    58.029998779296875,
    60.70000076293945,
    60.310001373291016,
    60.38999938964844,
    59.06999969482422,
    59.29999923706055
  ],
  "HybridFL": [
    13.460000038146973,
    22.56999969482422,
    32.560001373291016,
    35.7400016784668,
    34.16999816894531,
    36.220001220703125,
    39.91999816894531,
    41.9900016784668,
    41.52000045776367,
    43.349998474121094,
    45.150001525878906,
    45.959999084472656,
    46.900001525878906,
    46.529998779296875,
    40.45000076293945,
    47.38999938964844,
    45.25,
    45.5099983215332,
    46.0,
    48.2400016784668,
    46.66999816894531,
    48.790000915527344,
    49.34000015258789,
    46.9900016784668,
    48.97999954223633,
    48.779998779296875,
    47.209999084472656,
    48.75,
    50.290000915527344,
    47.900001525878906,
    50.02000045776367,
    51.02000045776367,
    48.56999969482422,
    51.58000183105469,
    51.79999923706055,
    50.7400016784668,
    50.970001220703125,
    49.86000061035156,
    50.209999084472656,
    52.95000076293945,
    50.619998931884766,
    50.189998626708984,
    52.38999938964844,
    52.54999923706055,
    53.86000061035156,
    50.599998474121094,
    53.439998626708984,
    53.810001373291016,
    51.59000015258789,
    52.09000015258789,
    54.220001220703125,
    54.04999923706055,
    52.38999938964844,
    54.16999816894531,
    53.720001220703125,
    53.70000076293945,
    53.040000915527344,
    51.86000061035156,
    52.58000183105469,
    52.75,
    54.38999938964844,
    53.459999084472656,
    52.20000076293945,
    53.40999984741211,
    53.97999954223633,
    54.880001068115234,
    54.599998474121094,
    54.54999923706055,
    53.63999938964844,
    54.20000076293945,
    54.83000183105469,
    55.02000045776367,
    55.279998779296875,
    54.36000061035156,
    56.40999984741211,
    55.36000061035156,
    55.869998931884766,
    55.709999084472656,
    55.54999923706055,
    55.709999084472656,
    55.84000015258789,
    53.90999984741211,
    53.08000183105469,
    55.7400016784668,
    54.84000015258789,
    55.56999969482422,
    54.790000915527344,
    55.790000915527344,
    54.36000061035156,
    55.29999923706055,
    55.130001068115234,
    54.5,
    55.650001525878906,
    55.779998779296875,
    55.4900016784668,
    55.2599983215332,
    53.459999084472656,
    54.869998931884766,
    53.68000030517578,
    56.66999816894531
  ],
  "CLG_SGD": [
    20.020000457763672,
    25.079999923706055,
    27.049999237060547,
    22.549999237060547,
    33.209999084472656,
    30.1299991607666,
    34.95000076293945,
    35.150001525878906,
    35.52000045776367,
    37.779998779296875,
    37.02000045776367,
    38.349998474121094,
    39.66999816894531,
    39.529998779296875,
    39.54999923706055,
    39.380001068115234,
    38.36000061035156,
    39.529998779296875,
    40.599998474121094,
    40.95000076293945,
    38.900001525878906,
    42.08000183105469,
    42.689998626708984,
    42.099998474121094,
    42.79999923706055,
    43.720001220703125,
    43.0099983215332,
    43.310001373291016,
    43.5099983215332,
    44.36000061035156,
    43.790000915527344,
    45.81999969482422,
    45.95000076293945,
    46.970001220703125,
    47.150001525878906,
    46.279998779296875,
    46.849998474121094,
    47.619998931884766,
    47.29999923706055,
    48.52000045776367,
    47.58000183105469,
    49.06999969482422,
    48.5099983215332,
    48.33000183105469,
    49.33000183105469,
    49.11000061035156,
    50.0,
    50.130001068115234,
    49.66999816894531,
    51.15999984741211,
    51.93000030517578,
    51.290000915527344,
    51.77000045776367,
    52.56999969482422,
    51.810001373291016,
    53.18000030517578,
    49.40999984741211,
    51.88999938964844,
    53.279998779296875,
    51.52000045776367,
    51.310001373291016,
    53.02000045776367,
    51.58000183105469,
    54.13999938964844,
    50.779998779296875,
    53.619998931884766,
    52.83000183105469,
    54.27000045776367,
    51.650001525878906,
    54.91999816894531,
    52.560001373291016,
    53.720001220703125,
    53.29999923706055,
    54.099998474121094,
    54.880001068115234,
    54.310001373291016,
    52.41999816894531,
    54.13999938964844,
    54.54999923706055,
    53.529998779296875,
    54.810001373291016,
    51.81999969482422,
    54.630001068115234,
    56.15999984741211,
    55.2400016784668,
    53.849998474121094,
    55.209999084472656,
    53.27000045776367,
    54.56999969482422,
    54.619998931884766,
    54.52000045776367,
    53.7599983215332,
    54.41999816894531,
    54.0099983215332,
    55.36000061035156,
    54.7599983215332,
    54.84000015258789,
    54.5,
    55.400001525878906,
    56.720001220703125
  ],