{
  "Server_only": [
    18.908607482910156,
    18.908607482910156,
    17.83119010925293,
    22.388206481933594,
    21.58328628540039,
    21.52878761291504,
    26.13331413269043,
    26.798490524291992,
    31.668529510498047,
    32.367244720458984,
    28.711570739746094,
    32.37982177734375,
    34.44941329956055,
    36.33873748779297,
    35.56316375732422,
    38.79122543334961,
    37.632755279541016,
    37.58384704589844,
    39.376747131347656,
    37.627166748046875,
    41.559532165527344,
    42.908050537109375,
    41.168251037597656,
    41.20458221435547,
    41.6978759765625,
    40.783958435058594,
    43.30631637573242,
    41.81805419921875,
    43.6920051574707,
    42.43292236328125,
    41.31917190551758,
    42.76411437988281,
    42.91783142089844,
    42.277809143066406,
    41.8474006652832,
    42.54751205444336,
    40.834266662597656,
    41.358299255371094,
    39.059532165527344,
    41.169647216796875,
    40.97400665283203,
    40.0964241027832,
    39.82252502441406,
    39.42845153808594,
    39.61850357055664,
    38.127445220947266,
    38.029624938964844,
    38.106483459472656,
    38.23085403442383,
    38.32168960571289,
    37.7962532043457,
    37.4972038269043,
    37.61878204345703,
    37.413360595703125,
    36.72163391113281,
    36.62381362915039,
    36.69647979736328,
    36.74119567871094,
    36.03828811645508,
    36.05366134643555,
    35.774173736572266,
    36.310787200927734,
    35.80352020263672,
    36.20877456665039,
    35.82588195800781,
    35.834266662597656,
    35.69172668457031,
    35.79094314575195,
    36.143096923828125,
    36.175235748291016,
    35.834266662597656,
    36.08999252319336,
    35.68753433227539,
    35.6120719909668,
    35.71967697143555,
    35.6553955078125,
    35.43180465698242,
    35.47512435913086,
    35.4304084777832,
    35.48910140991211,
    35.459754943847656,
    35.335384368896484,
    35.31162643432617,
    35.33119201660156,
    35.27669143676758,
    35.226383209228516,
    35.26411437988281,
    30.410844802856445,
    35.877586364746094,
    33.65008544921875,
    35.78675079345703,
    36.06064987182617,
    35.940467834472656,
    35.930686950683594,
    35.75321578979492,
    35.80352020263672,
    35.68753433227539,
    35.627445220947266,
    35.59809875488281,
    35.522640228271484
  ],
  "HybridFL": [
    18.908607482910156,
    18.908607482910156,
    18.908607482910156,
    18.908607482910156,
    18.908607482910156,
    18.908607482910156,
    18.908607482910156,
    18.908607482910156,
    18.908607482910156,
    18.908607482910156,
    18.908607482910156,
    18.908607482910156,
    18.91419792175293,
    19.797372817993164,
    20.61347198486328,
    21.95360565185547,
    22.73476791381836,
    23.384572982788086,
    23.801006317138672,
    24.237003326416016,
    24.452207565307617,
    24.494131088256836,
    24.558412551879883,
    24.55002784729004,
    24.591951370239258,
    25.009782791137695,
    25.645612716674805,
    26.094186782836914,
    26.901901245117188,
    27.509782791137695,
    28.472610473632812,
    28.91839027404785,
    29.144773483276367,
    29.35997772216797,
    29.334823608398438,
    29.659027099609375,
    29.93152618408203,
    30.057294845581055,
    30.630239486694336,
    31.007545471191406,
    31.60284996032715,
    32.14924621582031,
    32.606204986572266,
    32.73337173461914,
    33.049190521240234,
    33.34823989868164,
    33.782840728759766,
    33.88485336303711,
    34.18809509277344,
    34.914756774902344,
    35.23896026611328,
    35.38429260253906,
    35.7993278503418,
    35.98518753051758,
    36.22414779663086,
    36.351314544677734,
    36.50083923339844,
    37.054222106933594,
    37.41196060180664,
    37.59782028198242,
    37.79066467285156,
    38.15958786010742,
    38.268585205078125,
    38.53828811645508,
    38.57182693481445,
    38.930965423583984,
    39.24958038330078,
    39.24119567871094,
    39.51089859008789,
    39.60033416748047,
    39.710731506347656,
    39.78060531616211,
    40.075462341308594,
    40.47512435913086,
    40.43180465698242,
    40.55757522583008,
    40.600894927978516,
    40.92789077758789,
    41.122135162353516,
    41.217159271240234,
    41.49943923950195,
    41.55393981933594,
    41.65036392211914,
    41.80827331542969,
    42.09754180908203,
    42.139461517333984,
    42.344886779785156,
    42.42733383178711,
    42.66070556640625,
    42.82979202270508,
    42.846561431884766,
    42.93739700317383,
    42.97792053222656,
    43.13163757324219,
    43.29234313964844,
    43.457237243652344,
    43.61235427856445,
    43.643096923828125,
    43.65986633300781,
    43.90581512451172
  ],
  "CLG_SGD": [
    18.908607482910156,
    18.767467498779297,
    18.096702575683594,
    21.852991104125977,
    21.5762996673584,
    27.19256591796875,
    28.79681396484375,
    30.156511306762695,
    31.826438903808594,
    32.632755279541016,
    34.446617126464844,
    32.48462677001953,
    36.03689193725586,
    36.397430419921875,
    38.24483108520508,
    39.31246566772461,
    37.35606384277344,
    40.21100997924805,
    41.45891571044922,
    41.09278869628906,
    39.309669494628906,
    41.8823356628418,
    41.72023391723633,
    42.842369079589844,
    43.12464904785156,
    44.27473449707031,
    42.14505386352539,
    43.68082809448242,
    43.17914962768555,
    42.023475646972656,
    40.60369110107422,
    42.929012298583984,
    40.23476791381836,
    42.037452697753906,
    43.194522857666016,
    41.81525802612305,
    41.477081298828125,
    38.98826217651367,
    40.23756408691406,
    40.394073486328125,
    41.398826599121094,
    39.304080963134766,
    40.058692932128906,
    38.174957275390625,
    39.55002975463867,
    39.14756774902344,
    37.472049713134766,
    38.862491607666016,
    36.00614929199219,
    39.372554779052734,
    38.96450424194336,
    38.32867431640625,
    38.222469329833984,
    37.868919372558594,
    37.47484588623047,
    38.04359817504883,
    37.251258850097656,
    37.487422943115234,
    37.52235794067383,
    37.199554443359375,
    36.94801712036133,
    37.02207946777344,
    37.300167083740234,
    36.945220947265625,
    37.04164505004883,
    37.04304122924805,
    36.904693603515625,
    36.98295211791992,
    36.76634979248047,
    36.966182708740234,
    36.55393981933594,
    36.938232421875,
    36.83482360839844,
    37.01089859008789,
    36.8851318359375,
    36.86137390136719,
    36.86975860595703,
    36.809669494628906,
    36.76076126098633,
    36.730018615722656,
    36.876747131347656,
    36.871158599853516,
    36.846004486083984,
    36.918670654296875,
    36.893516540527344,
    36.977359771728516,
    36.939632415771484,
    36.93683624267578,
    36.94242477416992,
    36.95919418334961,
    36.970375061035156,
    36.81106948852539,
    37.00950241088867,
    37.09893798828125,
    36.95779800415039,
    36.70206832885742,
    37.13666915893555,
    37.12269592285156,
    37.070987701416016,
    37.2596435546875
  ],