{
  "CLG_FedMV": [
    18.908607482910156,
    18.908607482910156,
    18.86668586730957,
    21.949413299560547,
    22.62017822265625,
    24.232810974121094,
    27.249860763549805,
    27.325321197509766,
    29.97624397277832,
    30.42621612548828,
    31.052263259887695,
    32.17579650878906,
    34.17272186279297,
    36.362491607666016,
    34.4410285949707,
    36.72303009033203,
    37.513973236083984,
    38.293739318847656,
    38.68641662597656,
    40.561767578125,
    37.745948791503906,
    40.39966583251953,
    41.048072814941406,
    39.727500915527344,
    39.96925735473633,
    39.92873001098633,
    39.87842559814453,
    39.84348678588867,
    40.82727813720703,
    39.59474563598633,
    36.618221282958984,
    39.51089859008789,
    40.81889343261719,
    36.704864501953125,
    39.36137390136719,
    37.64113998413086,
    39.090274810791016,
    37.558692932128906,
    39.58356475830078,
    38.69340515136719,
    26.238121032714844,
    37.42733383178711,
    36.189212799072266,
    38.28116226196289,
    36.636390686035156,
    37.908050537109375,
    37.0164909362793,
    38.01565170288086,
    38.2490234375,
    37.544715881347656,
    35.51704788208008,
    35.90134048461914,
    37.80743408203125,
    36.893516540527344,
    37.65790939331055,
    37.88568878173828,
    36.57490158081055,
    35.62604904174805,
    36.43935012817383,
    36.435157775878906,
    36.37087631225586,
    36.122135162353516,
    35.89155960083008,
    36.68809509277344,
    37.565677642822266,
    36.47987747192383,
    35.816097259521484,
    36.03968811035156,
    34.95807647705078,
    36.034095764160156,
    35.4276123046875,
    35.98518753051758,
    35.63722610473633,
    31.467300415039062,
    34.97484588623047,
    35.13694763183594,
    35.30324172973633,
    35.231971740722656,
    35.02934646606445,
    35.39686965942383,
    34.844886779785156,
    35.35075378417969,
    34.826717376708984,
    35.0908317565918,
    34.350196838378906,
    34.58915710449219,
    34.464786529541016,
    34.87982177734375,
    34.52766799926758,
    34.78759002685547,
    34.74147415161133,
    34.22442626953125,
    34.57797622680664,
    34.42146301269531,
    34.5877571105957,
    36.27305603027344,
    34.32085037231445,
    34.607322692871094,
    34.68278503417969,
    34.565399169921875
  ],
  "FedDU_FedMV": [
    18.908607482910156,
    18.908607482910156,
    18.908607482910156,
    18.908607482910156,
    18.908607482910156,
    18.908607482910156,
    18.908607482910156,
    18.908607482910156,
    18.907211303710938,
    19.705142974853516,
    20.584125518798828,
    20.996366500854492,
    21.50503158569336,
    22.0039119720459,
    22.64533233642578,
    23.430686950683594,
    23.719955444335938,
    24.478759765625,
    24.64505386352539,
    24.779205322265625,
    24.899385452270508,
    25.016769409179688,
    25.32839584350586,
    25.624650955200195,
    26.44214630126953,
    27.12688636779785,
    28.117664337158203,
    28.714365005493164,
    28.863889694213867,
    29.276132583618164,
    29.531862258911133,
    29.748462677001953,
    29.790386199951172,
    30.12017822265625,
    30.13834571838379,
    30.370319366455078,
    30.5491886138916,
    30.957239151000977,
    31.330352783203125,
    31.52878761291504,
    31.678312301635742,
    31.84181022644043,
    32.084964752197266,
    32.346282958984375,
    32.68585968017578,
    32.82839584350586,
    33.06875228881836,
    33.079933166503906,
    33.377586364746094,
    33.63471221923828,
    33.685020446777344,
    33.77305603027344,
    33.69899368286133,
    33.80240249633789,
    34.00503158569336,
    33.74930191040039,
    34.584964752197266,
    34.43544006347656,
    34.90078353881836,
    34.80156326293945,
    35.0558967590332,
    35.02515411376953,
    34.7219123840332,
    35.28786849975586,
    35.553382873535156,
    35.62464904785156,
    35.789546966552734,
    35.8021240234375,
    36.01453399658203,
    36.18362045288086,
    36.30240249633789,
    36.517608642578125,
    36.67411804199219,
    36.91168212890625,
    36.96199035644531,
    36.71883773803711,
    36.87395095825195,
    36.88093948364258,
    37.17300033569336,
    37.0723876953125,
    37.10871887207031,
    37.00670623779297,
    37.365848541259766,
    37.47344970703125,
    37.0164909362793,
    37.59502410888672,
    37.70821762084961,
    37.76131820678711,
    37.69284439086914,
    38.04639434814453,
    38.1176643371582,
    38.21408462524414,
    38.173561096191406,
    38.216880798339844,
    38.569034576416016,
    38.555057525634766,
    38.47959899902344,
    38.761878967285156,
    38.83454513549805,
    38.764671325683594
  ],
  "FedMV": [
    18.908607482910156,
    18.908607482910156,
    18.908607482910156,
    18.908607482910156,
    18.908607482910156,
    18.908607482910156,
    18.908607482910156,
    18.908607482910156,
    18.908607482910156,
    18.908607482910156,
    18.901620864868164,
    18.870878219604492,
    19.58077049255371,
    20.275293350219727,
    20.810508728027344,
    21.869760513305664,
    22.460872650146484,
    23.110675811767578,
    23.805198669433594,
    24.393516540527344,
    24.699552536010742,
    24.816936492919922,
    24.863052368164062,
    25.09222984313965,
    25.201229095458984,
    25.437395095825195,
    25.547792434692383,
    26.03409767150879,
    26.809669494628906,
    27.532140731811523,
    27.769702911376953,
    28.25321388244629,
    28.5830078125,
    28.764673233032227,
    28.859697341918945,
    29.31665802001953,
    29.304080963134766,
    29.790386199951172,
    29.941307067871094,
    30.271100997924805,
    30.490497589111328,
    30.32839584350586,
    30.61347198486328,
    30.82448387145996,
    31.292621612548828,
    31.475685119628906,
    31.662940979003906,
    31.563722610473633,
    31.545557022094727,
    32.00251388549805,
    32.10033416748047,
    32.560089111328125,
    32.60900115966797,
    32.85494613647461,
    33.1553955078125,
    33.30771255493164,
    33.42789077758789,
    33.1553955078125,
    33.60955810546875,
    33.341251373291016,
    33.6207389831543,
    34.002235412597656,
    34.31665802001953,
    34.66741180419922,
    34.24958038330078,
    34.68837356567383,
    34.941307067871094,
    35.14253616333008,
    35.37730407714844,
    35.51844787597656,
    35.55058670043945,
    35.44857406616211,
    35.413639068603516,
    35.92090606689453,
    35.788150787353516,
    35.89435577392578,
    36.20598220825195,
    36.17244338989258,
    35.79094314575195,
    36.51620864868164,
    36.4016227722168,
    36.270263671875,
    36.878143310546875,
    36.99972152709961,
    36.752376556396484,
    36.91727066040039,
    37.00810623168945,
    37.15203857421875,
    37.09474563598633,
    37.277809143066406,
    37.319732666015625,
    37.47903823852539,
    37.33929443359375,
    37.674678802490234,
    37.91643524169922,
    37.741756439208984,
    38.04639434814453,
    38.08552169799805,
    38.22945785522461,
    38.2112922668457
  ],