{
  "CLG_Mut_2": [
    18.68000030517578,
    26.719999313354492,
    32.2599983215332,
    34.5,
    34.189998626708984,
    39.5,
    41.59000015258789,
    40.52000045776367,
    40.939998626708984,
    41.29999923706055,
    42.43000030517578,
    41.65999984741211,
    42.599998474121094,
    43.599998474121094,
    44.18000030517578,
    43.0,
    44.61000061035156,
    44.369998931884766,
    43.869998931884766,
    45.310001373291016,
    45.91999816894531,
    47.0099983215332,
    46.9900016784668,
    44.869998931884766,
    47.79999923706055,
    48.88999938964844,
    45.58000183105469,
    48.400001525878906,
    49.970001220703125,
    48.2599983215332,
    47.59000015258789,
    48.68000030517578,
    48.040000915527344,
    45.84000015258789,
    46.939998626708984,
    48.31999969482422,
    47.91999816894531,
    49.119998931884766,
    45.900001525878906,
    47.72999954223633,
    47.95000076293945,
    44.95000076293945,
    48.18000030517578,
    48.790000915527344,
    52.90999984741211,
    53.16999816894531,
    50.52000045776367,
    51.709999084472656,
    45.79999923706055,
    48.59000015258789,
    50.810001373291016,
    47.38999938964844,
    47.06999969482422,
    48.33000183105469,
    49.43000030517578,
    50.2599983215332,
    48.900001525878906,
    47.720001220703125,
    49.0099983215332,
    50.9900016784668,
    49.31999969482422,
    50.04999923706055,
    47.43000030517578,
    44.959999084472656,
    50.209999084472656,
    49.22999954223633,
    50.40999984741211,
    48.90999984741211,
    49.900001525878906,
    48.58000183105469,
    49.900001525878906,
    50.52000045776367,
    50.29999923706055,
    48.720001220703125,
    49.599998474121094,
    49.560001373291016,
    49.650001525878906,
    49.470001220703125,
    49.599998474121094,
    49.11000061035156,
    49.90999984741211,
    50.099998474121094,
    47.790000915527344,
    46.310001373291016,
    44.959999084472656,
    52.970001220703125,
    51.060001373291016,
    46.939998626708984,
    49.72999954223633,
    49.0099983215332,
    50.0099983215332,
    48.189998626708984,
    49.970001220703125,
    46.93000030517578,
    49.470001220703125,
    49.880001068115234,
    47.65999984741211,
    49.22999954223633,
    49.83000183105469,
    45.810001373291016
  ],
  "Server_only": [
    20.700000762939453,
    25.81999969482422,
    29.479999542236328,
    32.220001220703125,
    31.56999969482422,
    32.650001525878906,
    32.81999969482422,
    35.77000045776367,
    35.5,
    33.869998931884766,
    36.189998626708984,
    37.939998626708984,
    37.86000061035156,
    37.58000183105469,
    37.459999084472656,
    36.58000183105469,
    37.900001525878906,
    38.34000015258789,
    38.47999954223633,
    35.380001068115234,
    37.86000061035156,
    37.91999816894531,
    37.75,
    38.029998779296875,
    38.720001220703125,
    38.68000030517578,
    38.33000183105469,
    37.900001525878906,
    38.279998779296875,
    38.2599983215332,
    38.310001373291016,
    38.36000061035156,
    38.380001068115234,
    38.0,
    36.720001220703125,
    37.849998474121094,
    38.060001373291016,
    37.84000015258789,
    37.869998931884766,
    37.79999923706055,
    37.38999938964844,
    36.5,
    37.7599983215332,
    37.060001373291016,
    38.540000915527344,
    37.7400016784668,
    37.72999954223633,
    37.7400016784668,
    37.63999938964844,
    37.97999954223633,
    38.2400016784668,
    37.970001220703125,
    37.84000015258789,
    37.97999954223633,
    37.93000030517578,
    38.150001525878906,
    38.029998779296875,
    38.15999984741211,
    37.7599983215332,
    37.77000045776367,
    37.7599983215332,
    38.34000015258789,
    37.709999084472656,
    38.0099983215332,
    37.7599983215332,
    38.220001220703125,
    37.59000015258789,
    38.099998474121094,
    37.779998779296875,
    37.95000076293945,
    38.09000015258789,
    38.0099983215332,
    38.02000045776367,
    38.0,
    37.7599983215332,
    38.40999984741211,
    38.08000183105469,
    37.83000183105469,
    38.31999969482422,
    38.02000045776367,
    37.93000030517578,
    37.90999984741211,
    37.810001373291016,
    37.52000045776367,
    37.9900016784668,
    38.25,
    36.66999816894531,
    38.060001373291016,
    38.08000183105469,
    37.4900016784668,
    37.93000030517578,
    38.279998779296875,
    37.72999954223633,
    38.27000045776367,
    37.61000061035156,
    38.130001068115234,
    37.58000183105469,
    36.529998779296875,
    36.88999938964844,
    38.470001220703125
  ],
  "HybridFL": [
    16.520000457763672,
    19.030000686645508,
    25.110000610351562,
    31.510000228881836,
    21.190000534057617,
    31.3799991607666,
    34.619998931884766,
    31.579999923706055,
    36.470001220703125,
    37.47999954223633,
    36.9900016784668,
    36.290000915527344,
    37.900001525878906,
    35.36000061035156,
    35.400001525878906,
    37.83000183105469,
    30.700000762939453,
    37.81999969482422,
    34.27000045776367,
    38.029998779296875,
    38.04999923706055,
    41.7599983215332,
    38.939998626708984,
    44.65999984741211,
    43.91999816894531,
    41.70000076293945,
    36.709999084472656,
    40.95000076293945,
    36.869998931884766,
    40.959999084472656,
    40.93000030517578,
    35.4900016784668,
    41.380001068115234,
    39.959999084472656,
    38.15999984741211,
    37.880001068115234,
    40.2599983215332,
    35.7599983215332,
    37.34000015258789,
    40.720001220703125,
    43.470001220703125,
    40.47999954223633,
    43.869998931884766,
    39.970001220703125,
    46.599998474121094,
    42.43000030517578,
    41.16999816894531,
    43.2599983215332,
    43.31999969482422,
    40.4900016784668,
    40.83000183105469,
    43.279998779296875,
    45.43000030517578,
    44.61000061035156,
    41.59000015258789,
    41.65999984741211,
    42.959999084472656,
    42.63999938964844,
    41.18000030517578,
    42.900001525878906,
    44.59000015258789,
    37.380001068115234,
    43.849998474121094,
    42.40999984741211,
    45.0,
    43.90999984741211,
    45.709999084472656,
    42.470001220703125,
    43.65999984741211,
    43.099998474121094,
    44.599998474121094,
    41.70000076293945,
    44.91999816894531,
    45.31999969482422,
    42.75,
    45.29999923706055,
    43.79999923706055,
    42.709999084472656,
    43.86000061035156,
    45.75,
    44.209999084472656,
    44.38999938964844,
    44.540000915527344,
    43.63999938964844,
    42.36000061035156,
    42.04999923706055,
    45.79999923706055,
    40.40999984741211,
    46.38999938964844,
    43.33000183105469,
    43.40999984741211,
    41.86000061035156,
    43.900001525878906,
    48.63999938964844,
    40.11000061035156,
    44.310001373291016,
    44.91999816894531,
    45.63999938964844,
    46.45000076293945,
    43.439998626708984
  ],