{
  "Fed_S": [
    18.908607482910156,
    18.910005569458008,
    17.674678802490234,
    22.915037155151367,
    22.628562927246094,
    26.777528762817383,
    24.00922393798828,
    30.191448211669922,
    32.2973747253418,
    31.33873748779297,
    34.31945037841797,
    32.93879318237305,
    35.58272933959961,
    38.84712219238281,
    38.96031188964844,
    36.95360565185547,
    40.68194580078125,
    39.22023391723633,
    42.10173416137695,
    40.6553955078125,
    38.81218719482422,
    42.371437072753906,
    40.33817672729492,
    39.35578536987305,
    39.62129592895508,
    42.0164909362793,
    42.887088775634766,
    42.76411437988281,
    42.581050872802734,
    40.99916076660156,
    42.019283294677734,
    42.986305236816406,
    42.47065353393555,
    41.29262161254883,
    42.7403564453125,
    41.39463424682617,
    42.69703674316406,
    40.834266662597656,
    41.28004455566406,
    38.44466018676758,
    39.517887115478516,
    40.178871154785156,
    32.51118087768555,
    38.49916076660156,
    39.2509765625,
    37.97093200683594,
    39.372554779052734,
    38.830352783203125,
    39.29569625854492,
    37.789268493652344,
    37.56986999511719,
    37.85913848876953,
    37.37004089355469,
    36.69647979736328,
    37.69284439086914,
    36.542762756347656,
    36.53018569946289,
    37.126888275146484,
    37.1282844543457,
    36.639183044433594,
    36.805477142333984,
    35.73365020751953,
    36.63499069213867,
    36.502235412597656,
    36.98854064941406,
    36.549747467041016,
    36.665733337402344,
    36.6601448059082,
    36.47848129272461,
    36.67132568359375,
    36.44633865356445,
    36.88373565673828,
    36.68250274658203,
    36.44633865356445,
    36.355506896972656,
    36.403018951416016,
    36.404415130615234,
    36.456119537353516,
    36.6573486328125,
    36.591670989990234,
    36.517608642578125,
    36.637786865234375,
    36.47428894042969,
    36.597259521484375,
    36.63499069213867,
    36.66713333129883,
    36.7537727355957,
    36.662940979003906,
    36.81525802612305,
    37.013694763183594,
    36.82085037231445,
    36.759361267089844,
    36.79709243774414,
    36.773338317871094,
    36.82783508300781,
    36.82783508300781,
    36.805477142333984,
    36.89630889892578,
    37.01509094238281,
    36.95640182495117
  ],
  "FedDU": [
    18.908607482910156,
    18.908607482910156,
    18.908607482910156,
    18.908607482910156,
    18.908607482910156,
    18.908607482910156,
    18.908607482910156,
    18.908607482910156,
    18.908607482910156,
    18.908607482910156,
    18.908607482910156,
    18.908607482910156,
    18.908607482910156,
    18.908607482910156,
    18.908607482910156,
    18.908607482910156,
    18.908607482910156,
    18.908607482910156,
    18.908607482910156,
    18.908607482910156,
    18.86668586730957,
    18.8233642578125,
    18.967300415039062,
    19.654834747314453,
    20.082448959350586,
    20.600894927978516,
    21.660144805908203,
    21.971771240234375,
    22.290386199951172,
    22.73756217956543,
    23.188932418823242,
    23.58859634399414,
    23.880659103393555,
    24.19647789001465,
    24.257965087890625,
    24.330631256103516,
    24.43404197692871,
    24.59614372253418,
    24.64086151123047,
    24.749860763549805,
    24.772218704223633,
    24.80994987487793,
    24.846282958984375,
    24.86444854736328,
    24.956680297851562,
    25.030742645263672,
    25.0279483795166,
    25.030742645263672,
    25.054500579833984,
    25.18865203857422,
    25.220794677734375,
    25.261320114135742,
    25.810508728027344,
    26.053661346435547,
    27.272218704223633,
    27.435718536376953,
    28.1805477142334,
    28.469816207885742,
    28.898826599121094,
    29.0762996673584,
    29.189491271972656,
    29.327836990356445,
    29.545835494995117,
    29.7191162109375,
    29.735885620117188,
    29.816936492919922,
    29.775014877319336,
    29.868640899658203,
    30.04611587524414,
    30.057294845581055,
    30.107601165771484,
    30.505868911743164,
    30.54499626159668,
    30.814701080322266,
    30.94745635986328,
    30.99217414855957,
    31.196199417114258,
    31.27305793762207,
    31.581890106201172,
    31.734209060668945,
    31.503633499145508,
    31.876747131347656,
    32.19815444946289,
    32.26243591308594,
    32.21352767944336,
    32.42873001098633,
    32.66629409790039,
    32.78786849975586,
    32.892677307128906,
    33.012855529785156,
    33.13722610473633,
    33.6920051574707,
    33.75349426269531,
    33.67803192138672,
    33.78004455566406,
    34.185298919677734,
    34.25516891479492,
    34.584964752197266,
    34.87982177734375,
    34.633872985839844
  ],
  "FedDU_Mut": [
    18.908607482910156,
    18.908607482910156,
    18.908607482910156,
    18.908607482910156,
    18.908607482910156,
    18.908607482910156,
    18.908607482910156,
    19.072107315063477,
    20.00279426574707,
    21.36668586730957,
    21.852991104125977,
    23.335662841796875,
    24.182504653930664,
    24.55422019958496,
    24.591951370239258,
    24.74147605895996,
    24.944103240966797,
    25.97121238708496,
    27.59642219543457,
    28.548070907592773,
    28.96310806274414,
    29.287311553955078,
    29.815540313720703,
    30.11738395690918,
    30.269702911376953,
    30.719675064086914,
    31.105365753173828,
    31.335941314697266,
    31.65595245361328,
    31.95500373840332,
    31.834823608398438,
    32.1282844543457,
    32.340694427490234,
    32.539127349853516,
    32.84516525268555,
    33.257408142089844,
    33.44606018066406,
    33.97848129272461,
    34.20765686035156,
    34.366966247558594,
    34.77082061767578,
    34.871437072753906,
    34.87004089355469,
    35.25992202758789,
    35.63443374633789,
    35.669368743896484,
    35.80771255493164,
    36.20318603515625,
    36.189212799072266,
    36.303802490234375,
    36.62381362915039,
    36.90748977661133,
    37.066795349121094,
    36.91587448120117,
    37.090553283691406,
    37.02627182006836,
    37.33650207519531,
    37.38680648803711,
    37.680267333984375,
    37.56288528442383,
    37.85075378417969,
    37.873111724853516,
    37.962547302246094,
    38.04639434814453,
    38.11906051635742,
    38.216880798339844,
    38.11067581176758,
    38.37059783935547,
    38.70178985595703,
    38.63471221923828,
    38.735328674316406,
    38.71855926513672,
    38.996646881103516,
    39.132198333740234,
    39.14896774291992,
    39.36836242675781,
    39.22861862182617,
    39.3292350769043,
    39.450809478759766,
    39.60871887207031,
    39.71772003173828,
    39.70933532714844,
    39.71492385864258,
    40.11738586425781,
    40.10480880737305,
    40.294857025146484,
    40.38568878173828,
    40.315818786621094,
    40.38010025024414,
    40.47931671142578,
    40.6553955078125,
    40.77976608276367,
    41.029903411865234,
    41.0452766418457,
    41.175235748291016,
    41.303802490234375,
    41.33454513549805,
    41.41279983520508,
    41.60564422607422,
    41.710453033447266
  ]
}