{
  "CLG_Mut_2": [
    22.770000457763672,
    25.110000610351562,
    30.09000015258789,
    34.86000061035156,
    38.27000045776367,
    35.720001220703125,
    38.040000915527344,
    39.25,
    38.959999084472656,
    41.84000015258789,
    43.22999954223633,
    42.880001068115234,
    43.650001525878906,
    45.029998779296875,
    46.349998474121094,
    47.33000183105469,
    49.7599983215332,
    49.13999938964844,
    50.959999084472656,
    51.52000045776367,
    51.84000015258789,
    52.810001373291016,
    55.08000183105469,
    55.2599983215332,
    55.56999969482422,
    55.209999084472656,
    55.439998626708984,
    57.0099983215332,
    57.0,
    56.66999816894531,
    56.5099983215332,
    56.77000045776367,
    57.06999969482422,
    58.150001525878906,
    58.040000915527344,
    57.279998779296875,
    58.13999938964844,
    58.34000015258789,
    57.779998779296875,
    57.25,
    57.16999816894531,
    56.72999954223633,
    59.369998931884766,
    56.47999954223633,
    59.43000030517578,
    59.40999984741211,
    59.09000015258789,
    59.09000015258789,
    59.279998779296875,
    58.7599983215332,
    60.189998626708984,
    60.400001525878906,
    60.86000061035156,
    59.29999923706055,
    59.9900016784668,
    59.4900016784668,
    57.08000183105469,
    59.86000061035156,
    59.66999816894531,
    60.41999816894531,
    60.38999938964844,
    59.08000183105469,
    59.09000015258789,
    57.65999984741211,
    60.41999816894531,
    58.91999816894531,
    59.220001220703125,
    59.83000183105469,
    59.22999954223633,
    59.709999084472656,
    59.40999984741211,
    60.0099983215332,
    59.540000915527344,
    60.40999984741211,
    59.349998474121094,
    58.08000183105469,
    60.56999969482422,
    59.4900016784668,
    61.130001068115234,
    59.61000061035156,
    59.5099983215332,
    59.279998779296875,
    60.7400016784668,
    60.439998626708984,
    60.59000015258789,
    60.81999969482422,
    60.560001373291016,
    59.900001525878906,
    60.38999938964844,
    58.97999954223633,
    59.04999923706055,
    60.540000915527344,
    60.150001525878906,
    60.15999984741211,
    59.7599983215332,
    61.029998779296875,
    60.45000076293945,
    60.939998626708984,
    59.16999816894531,
    60.15999984741211
  ],
  "HybridFL": [
    13.770000457763672,
    22.8700008392334,
    32.90999984741211,
    35.7599983215332,
    34.2400016784668,
    35.290000915527344,
    39.86000061035156,
    41.83000183105469,
    41.58000183105469,
    42.880001068115234,
    44.59000015258789,
    45.47999954223633,
    47.47999954223633,
    46.47999954223633,
    40.869998931884766,
    47.81999969482422,
    45.0099983215332,
    45.95000076293945,
    46.09000015258789,
    48.40999984741211,
    47.08000183105469,
    49.15999984741211,
    49.91999816894531,
    47.20000076293945,
    49.459999084472656,
    49.189998626708984,
    48.06999969482422,
    49.52000045776367,
    51.25,
    48.970001220703125,
    50.060001373291016,
    50.84000015258789,
    49.18000030517578,
    51.84000015258789,
    52.150001525878906,
    51.0,
    51.630001068115234,
    50.65999984741211,
    50.130001068115234,
    53.02000045776367,
    50.380001068115234,
    51.11000061035156,
    52.88999938964844,
    53.099998474121094,
    54.119998931884766,
    51.15999984741211,
    53.90999984741211,
    54.34000015258789,
    51.849998474121094,
    52.36000061035156,
    54.29999923706055,
    54.41999816894531,
    52.810001373291016,
    54.09000015258789,
    53.439998626708984,
    53.0,
    52.15999984741211,
    52.31999969482422,
    53.13999938964844,
    53.029998779296875,
    54.619998931884766,
    53.720001220703125,
    52.560001373291016,
    53.97999954223633,
    54.66999816894531,
    55.02000045776367,
    54.709999084472656,
    54.779998779296875,
    54.40999984741211,
    55.119998931884766,
    54.810001373291016,
    55.029998779296875,
    55.709999084472656,
    55.060001373291016,
    56.70000076293945,
    56.279998779296875,
    56.459999084472656,
    56.470001220703125,
    56.22999954223633,
    56.150001525878906,
    56.400001525878906,
    54.040000915527344,
    53.40999984741211,
    55.36000061035156,
    55.0,
    55.86000061035156,
    54.689998626708984,
    55.66999816894531,
    53.959999084472656,
    55.72999954223633,
    55.810001373291016,
    55.22999954223633,
    55.619998931884766,
    55.88999938964844,
    55.61000061035156,
    55.630001068115234,
    53.630001068115234,
    55.130001068115234,
    54.040000915527344,
    56.279998779296875
  ],
  "CLG_SGD": [
    19.559999465942383,
    24.600000381469727,
    27.90999984741211,
    27.719999313354492,
    32.599998474121094,
    35.650001525878906,
    34.790000915527344,
    35.16999816894531,
    34.060001373291016,
    38.130001068115234,
    38.7400016784668,
    38.68000030517578,
    39.25,
    39.380001068115234,
    40.349998474121094,
    39.68000030517578,
    39.2400016784668,
    39.79999923706055,
    40.09000015258789,
    40.58000183105469,
    39.25,
    41.95000076293945,
    41.939998626708984,
    41.439998626708984,
    42.02000045776367,
    44.36000061035156,
    44.060001373291016,
    44.13999938964844,
    43.630001068115234,
    43.81999969482422,
    43.439998626708984,
    45.310001373291016,
    46.13999938964844,
    47.130001068115234,
    46.68000030517578,
    46.900001525878906,
    46.7599983215332,
    47.209999084472656,
    46.88999938964844,
    48.880001068115234,
    47.95000076293945,
    48.150001525878906,
    48.91999816894531,
    48.31999969482422,
    48.970001220703125,
    49.779998779296875,
    49.380001068115234,
    49.880001068115234,
    48.810001373291016,
    50.650001525878906,
    51.7599983215332,
    50.38999938964844,
    50.70000076293945,
    51.68000030517578,
    51.95000076293945,
    52.90999984741211,
    50.16999816894531,
    51.619998931884766,
    53.060001373291016,
    51.040000915527344,
    51.810001373291016,
    52.380001068115234,
    50.63999938964844,
    53.970001220703125,
    50.45000076293945,
    52.79999923706055,
    52.150001525878906,
    54.86000061035156,
    50.900001525878906,
    53.97999954223633,
    51.540000915527344,
    52.95000076293945,
    52.65999984741211,
    54.099998474121094,
    54.40999984741211,
    53.880001068115234,
    52.20000076293945,
    54.189998626708984,
    53.720001220703125,
    53.52000045776367,
    54.43000030517578,
    52.2400016784668,
    54.40999984741211,
    54.97999954223633,
    54.43000030517578,
    53.2400016784668,
    54.86000061035156,
    52.849998474121094,
    54.060001373291016,
    53.93000030517578,
    54.5099983215332,
    52.61000061035156,
    53.65999984741211,
    53.68000030517578,
    54.45000076293945,
    53.70000076293945,
    55.290000915527344,
    53.97999954223633,
    55.369998931884766,
    56.369998931884766
  ],