{
  "CLG_FedMV": [
    18.908607482910156,
    18.908607482910156,
    20.997764587402344,
    24.738679885864258,
    26.152877807617188,
    29.846282958984375,
    32.30296325683594,
    34.21883773803711,
    35.99496841430664,
    37.839576721191406,
    38.685020446777344,
    38.21408462524414,
    37.40078353881836,
    39.61989974975586,
    41.25489044189453,
    40.99357223510742,
    41.7356071472168,
    42.50558853149414,
    42.81302261352539,
    42.75992202758789,
    43.596981048583984,
    42.00531005859375,
    43.57881546020508,
    44.22023391723633,
    43.61375045776367,
    44.5723876953125,
    44.24818420410156,
    44.607322692871094,
    44.424259185791016,
    44.44801712036133,
    45.079654693603516,
    44.5877571105957,
    44.91615295410156,
    44.88401412963867,
    45.226383209228516,
    44.966461181640625,
    45.28647232055664,
    44.3474006652832,
    45.7490234375,
    45.299049377441406,
    45.487701416015625,
    45.38149642944336,
    44.66182327270508,
    45.19843673706055,
    45.5994987487793,
    45.23756408691406,
    45.33119201660156,
    45.21799850463867,
    45.314422607421875,
    44.768028259277344,
    45.23057556152344,
    45.5058708190918,
    44.920345306396484,
    45.49189376831055,
    44.846282958984375,
    45.11878204345703,
    45.68474197387695,
    45.08244705200195,
    45.5240364074707,
    45.49608612060547,
    45.85382843017578,
    45.433204650878906,
    45.774173736572266,
    45.273895263671875,
    45.30324172973633,
    44.512298583984375,
    45.195640563964844,
    45.81190490722656,
    45.2026252746582,
    45.607879638671875,
    45.67914962768555,
    45.621856689453125,
    45.56595993041992,
    44.93711471557617,
    45.75041961669922,
    45.40525436401367,
    43.50614929199219,
    45.98379135131836,
    45.388484954833984,
    45.47372817993164,
    45.47233200073242,
    45.69172668457031,
    45.743431091308594,
    43.60676193237305,
    45.9921760559082,
    44.872833251953125,
    45.86920166015625,
    44.56819534301758,
    45.8021240234375,
    45.41643524169922,
    44.48993682861328,
    45.37451171875,
    45.66238021850586,
    46.288429260253906,
    45.837059020996094,
    45.761600494384766,
    45.07266616821289,
    45.45835494995117,
    44.65203857421875,
    45.60369110107422
  ],
  "FedDU_FedMV": [
    18.908607482910156,
    18.908607482910156,
    18.858301162719727,
    23.2741756439209,
    24.95108985900879,
    27.012296676635742,
    29.85606575012207,
    30.63303565979004,
    33.69340515136719,
    31.530183792114258,
    33.29653549194336,
    27.826997756958008,
    34.55282211303711,
    36.622413635253906,
    36.6601448059082,
    38.074344635009766,
    38.689212799072266,
    38.27138137817383,
    34.758243560791016,
    29.15176010131836,
    35.7056999206543,
    40.837059020996094,
    41.33454513549805,
    40.16210174560547,
    41.82783508300781,
    41.30659484863281,
    42.30855178833008,
    42.7962532043457,
    43.66545486450195,
    43.971492767333984,
    43.99943923950195,
    43.87087631225586,
    44.15176010131836,
    44.0106201171875,
    44.21744155883789,
    43.60676193237305,
    44.19368362426758,
    44.397708892822266,
    44.60452651977539,
    44.751258850097656,
    44.660423278808594,
    44.633872985839844,
    44.74985885620117,
    44.773616790771484,
    44.8504753112793,
    44.752655029296875,
    44.897987365722656,
    44.43124771118164,
    44.972049713134766,
    44.939910888671875,
    43.94773483276367,
    44.79038619995117,
    45.034934997558594,
    44.95807647705078,
    44.986026763916016,
    45.04751205444336,
    45.12995910644531,
    44.897987365722656,
    45.28507614135742,
    45.17188262939453,
    45.38010025024414,
    45.2431526184082,
    45.20402526855469,
    45.08803939819336,
    42.68166732788086,
    44.61989974975586,
    44.88121795654297,
    44.972049713134766,
    45.32979202270508,
    45.00419235229492,
    45.25572967529297,
    45.034934997558594,
    45.44997024536133,
    45.28227996826172,
    45.2403564453125,
    45.522640228271484,
    44.626888275146484,
    44.94969177246094,
    45.106204986572266,
    45.34376907348633,
    45.18865203857422,
    45.11319351196289,
    45.37730407714844,
    44.74287414550781,
    45.335384368896484,
    45.68474197387695,
    45.6707649230957,
    45.793739318847656,
    45.6148681640625,
    45.58971405029297,
    45.71827697753906,
    45.82588195800781,
    45.607879638671875,
    45.881778717041016,
    45.79234313964844,
    45.73923873901367,
    45.54779052734375,
    46.03549575805664,
    46.0271110534668,
    46.05366134643555
  ],
  "FedMV": [
    18.908607482910156,
    18.908607482910156,
    18.908607482910156,
    18.908607482910156,
    18.908607482910156,
    18.908607482910156,
    18.907211303710938,
    6.17943000793457,
    4.667411804199219,
    2.7054219245910645,
    4.830911159515381,
    1.0732252597808838,
    0.14952486753463745,
    4.667411804199219,
    3.311906099319458,
    4.939910411834717,
    4.94130802154541,
    3.128842830657959,
    18.908607482910156,
    18.908607482910156,
    17.608999252319336,
    6.693683624267578,
    2.979318141937256,
    2.2261040210723877,
    3.529905080795288,
    13.875069618225098,
    20.149524688720703,
    20.38010025024414,
    7.586640357971191,
    3.876467227935791,
    4.017607688903809,
    5.640022277832031,
    7.097540378570557,
    21.54974937438965,
    14.428451538085938,
    22.70821762084961,
    20.392677307128906,
    5.7001118659973145,
    7.568473815917969,
    4.5472331047058105,
    7.178591251373291,
    7.694242477416992,
    23.130239486694336,
    22.51816749572754,
    22.987703323364258,
    23.74930191040039,
    23.47121238708496,
    23.82056999206543,
    23.384572982788086,
    23.65567398071289,
    23.34963607788086,
    23.173561096191406,
    23.193124771118164,
    23.360816955566406,
    23.598379135131836,
    23.833147048950195,
    23.86668586730957,
    23.190330505371094,
    22.892677307128906,
    24.352991104125977,
    23.39715003967285,
    24.534656524658203,
    24.014812469482422,
    24.53325843811035,
    24.605924606323242,
    24.818334579467773,
    24.821128845214844,
    24.946897506713867,
    24.945499420166016,
    25.16210174560547,
    24.899385452270508,
    25.157909393310547,
    25.09083366394043,
    25.33258819580078,
    25.167692184448242,
    25.585521697998047,
    25.557573318481445,
    25.508663177490234,
    26.159866333007812,
    26.2954158782959,
    26.06204605102539,
    26.492454528808594,
    26.5762996673584,
    26.36528778076172,
    26.423980712890625,
    26.48546600341797,
    26.1109561920166,
    25.610675811767578,
    24.091670989990234,
    25.999160766601562,
    26.419788360595703,
    26.565120697021484,
    26.74259376525879,
    26.714645385742188,
    26.91028594970703,
    26.168251037597656,
    26.764951705932617,
    27.045835494995117,
    27.160425186157227,
    26.805477142333984
  ],