{
  "HybridFL": [
    7.489999771118164,
    7.28000020980835,
    15.59000015258789,
    14.960000038146973,
    18.950000762939453,
    21.399999618530273,
    23.110000610351562,
    24.809999465942383,
    26.770000457763672,
    28.739999771118164,
    30.229999542236328,
    30.34000015258789,
    31.459999084472656,
    34.06999969482422,
    34.970001220703125,
    34.439998626708984,
    36.47999954223633,
    39.38999938964844,
    39.619998931884766,
    40.34000015258789,
    41.0,
    41.119998931884766,
    42.0099983215332,
    43.880001068115234,
    44.04999923706055,
    44.060001373291016,
    45.130001068115234,
    45.13999938964844,
    46.29999923706055,
    45.97999954223633,
    45.88999938964844,
    45.45000076293945,
    47.45000076293945,
    46.459999084472656,
    47.16999816894531,
    48.0099983215332,
    48.93000030517578,
    49.2400016784668,
    47.599998474121094,
    48.720001220703125,
    48.869998931884766,
    48.72999954223633,
    49.25,
    49.7400016784668,
    48.84000015258789,
    50.75,
    50.47999954223633,
    51.13999938964844,
    49.400001525878906,
    49.41999816894531,
    50.189998626708984,
    51.15999984741211,
    51.02000045776367,
    51.310001373291016,
    50.36000061035156,
    51.0099983215332,
    51.869998931884766,
    50.970001220703125,
    51.95000076293945,
    51.630001068115234,
    52.72999954223633,
    52.779998779296875,
    51.90999984741211,
    52.7599983215332,
    51.970001220703125,
    53.68000030517578,
    53.02000045776367,
    53.29999923706055,
    51.15999984741211,
    52.470001220703125,
    52.560001373291016,
    53.65999984741211,
    52.59000015258789,
    53.52000045776367,
    53.83000183105469,
    53.25,
    53.349998474121094,
    53.939998626708984,
    53.630001068115234,
    52.849998474121094,
    53.36000061035156,
    53.72999954223633,
    54.599998474121094,
    54.040000915527344,
    54.18000030517578,
    54.13999938964844,
    53.86000061035156,
    54.86000061035156,
    53.15999984741211,
    53.66999816894531,
    54.400001525878906,
    53.099998474121094,
    54.27000045776367,
    54.40999984741211,
    53.56999969482422,
    54.34000015258789,
    55.119998931884766,
    54.810001373291016,
    54.91999816894531,
    54.790000915527344
  ],
  "FedDU_Mut": [
    7.909999847412109,
    17.15999984741211,
    20.8700008392334,
    25.700000762939453,
    28.3799991607666,
    31.770000457763672,
    34.279998779296875,
    33.59000015258789,
    34.33000183105469,
    37.59000015258789,
    38.880001068115234,
    39.959999084472656,
    39.61000061035156,
    41.0099983215332,
    42.34000015258789,
    42.22999954223633,
    42.9900016784668,
    44.5,
    45.02000045776367,
    45.9900016784668,
    47.0,
    45.9900016784668,
    46.65999984741211,
    47.81999969482422,
    47.189998626708984,
    48.08000183105469,
    48.7599983215332,
    49.7400016784668,
    50.34000015258789,
    49.779998779296875,
    49.79999923706055,
    50.779998779296875,
    50.810001373291016,
    50.33000183105469,
    50.900001525878906,
    51.119998931884766,
    51.599998474121094,
    51.439998626708984,
    51.33000183105469,
    52.0,
    51.54999923706055,
    52.75,
    52.68000030517578,
    53.38999938964844,
    52.209999084472656,
    52.810001373291016,
    53.08000183105469,
    52.709999084472656,
    53.2599983215332,
    53.220001220703125,
    52.5,
    53.45000076293945,
    53.099998474121094,
    51.900001525878906,
    52.86000061035156,
    53.47999954223633,
    53.619998931884766,
    53.56999969482422,
    54.29999923706055,
    54.099998474121094,
    54.2599983215332,
    54.150001525878906,
    53.939998626708984,
    53.91999816894531,
    53.65999984741211,
    54.08000183105469,
    55.189998626708984,
    54.470001220703125,
    54.83000183105469,
    54.29999923706055,
    54.189998626708984,
    53.650001525878906,
    54.95000076293945,
    54.869998931884766,
    54.939998626708984,
    54.0,
    54.41999816894531,
    54.20000076293945,
    54.400001525878906,
    54.369998931884766,
    54.849998474121094,
    54.66999816894531,
    54.61000061035156,
    54.91999816894531,
    55.06999969482422,
    54.66999816894531,
    55.13999938964844,
    55.5,
    55.63999938964844,
    54.65999984741211,
    55.06999969482422,
    55.54999923706055,
    55.43000030517578,
    55.40999984741211,
    55.380001068115234,
    55.61000061035156,
    55.79999923706055,
    55.11000061035156,
    55.13999938964844,
    55.59000015258789
  ]
}