{
  "CLG_FedMV": [
    23.81999969482422,
    33.040000915527344,
    36.279998779296875,
    42.88999938964844,
    43.11000061035156,
    43.81999969482422,
    45.5099983215332,
    46.0099983215332,
    47.0099983215332,
    46.34000015258789,
    47.47999954223633,
    47.47999954223633,
    48.310001373291016,
    48.31999969482422,
    49.02000045776367,
    48.970001220703125,
    49.59000015258789,
    50.02000045776367,
    50.349998474121094,
    49.9900016784668,
    50.599998474121094,
    49.9900016784668,
    50.72999954223633,
    51.22999954223633,
    51.27000045776367,
    51.650001525878906,
    51.779998779296875,
    51.880001068115234,
    52.11000061035156,
    52.2599983215332,
    52.0,
    52.720001220703125,
    52.720001220703125,
    51.84000015258789,
    51.970001220703125,
    52.189998626708984,
    51.41999816894531,
    52.56999969482422,
    52.27000045776367,
    52.63999938964844,
    53.5099983215332,
    53.060001373291016,
    52.18000030517578,
    53.77000045776367,
    52.75,
    53.11000061035156,
    53.15999984741211,
    53.290000915527344,
    53.15999984741211,
    53.439998626708984,
    52.5099983215332,
    52.619998931884766,
    53.61000061035156,
    52.79999923706055,
    52.7599983215332,
    53.439998626708984,
    53.310001373291016,
    52.779998779296875,
    53.810001373291016,
    53.59000015258789,
    53.31999969482422,
    52.869998931884766,
    53.7400016784668,
    53.81999969482422,
    51.63999938964844,
    52.880001068115234,
    52.689998626708984,
    53.41999816894531,
    52.189998626708984,
    52.95000076293945,
    53.09000015258789,
    53.029998779296875,
    53.75,
    53.45000076293945,
    54.040000915527344,
    53.36000061035156,
    52.689998626708984,
    52.380001068115234,
    54.09000015258789,
    55.13999938964844,
    53.970001220703125,
    52.189998626708984,
    52.77000045776367,
    52.779998779296875,
    55.5099983215332,
    54.68000030517578,
    54.220001220703125,
    54.650001525878906,
    53.90999984741211,
    53.849998474121094,
    54.529998779296875,
    55.130001068115234,
    54.2400016784668,
    54.15999984741211,
    54.869998931884766,
    53.02000045776367,
    54.72999954223633,
    54.22999954223633,
    54.09000015258789,
    54.18000030517578
  ],
  "FedDU_FedMV": [
    18.520000457763672,
    10.0,
    29.969999313354492,
    36.31999969482422,
    36.400001525878906,
    37.20000076293945,
    33.31999969482422,
    35.56999969482422,
    38.36000061035156,
    40.619998931884766,
    41.369998931884766,
    44.95000076293945,
    46.4900016784668,
    43.689998626708984,
    41.369998931884766,
    39.220001220703125,
    40.29999923706055,
    45.20000076293945,
    46.54999923706055,
    46.97999954223633,
    50.08000183105469,
    46.38999938964844,
    44.25,
    50.84000015258789,
    55.29999923706055,
    55.349998474121094,
    54.08000183105469,
    53.20000076293945,
    53.400001525878906,
    49.45000076293945,
    54.119998931884766,
    54.900001525878906,
    54.43000030517578,
    54.709999084472656,
    52.2400016784668,
    53.61000061035156,
    53.88999938964844,
    53.16999816894531,
    55.689998626708984,
    57.689998626708984,
    56.08000183105469,
    55.59000015258789,
    54.380001068115234,
    55.95000076293945,
    49.779998779296875,
    50.970001220703125,
    55.02000045776367,
    54.06999969482422,
    50.689998626708984,
    51.279998779296875,
    52.02000045776367,
    51.81999969482422,
    50.20000076293945,
    51.040000915527344,
    52.2599983215332,
    49.779998779296875,
    50.7400016784668,
    55.459999084472656,
    54.880001068115234,
    51.939998626708984,
    50.75,
    52.959999084472656,
    53.369998931884766,
    55.529998779296875,
    56.16999816894531,
    56.29999923706055,
    56.65999984741211,
    55.02000045776367,
    52.41999816894531,
    57.400001525878906,
    56.779998779296875,
    56.56999969482422,
    54.65999984741211,
    55.779998779296875,
    53.529998779296875,
    53.72999954223633,
    54.2400016784668,
    55.93000030517578,
    48.40999984741211,
    54.720001220703125,
    57.5,
    55.130001068115234,
    55.61000061035156,
    53.400001525878906,
    55.810001373291016,
    55.04999923706055,
    57.06999969482422,
    55.75,
    53.540000915527344,
    54.16999816894531,
    51.849998474121094,
    52.880001068115234,
    52.25,
    52.689998626708984,
    55.630001068115234,
    54.150001525878906,
    52.83000183105469,
    55.970001220703125,
    53.59000015258789,
    55.06999969482422
  ],
  "FedMV": [
    10.09000015258789,
    10.0,
    13.979999542236328,
    15.479999542236328,
    10.600000381469727,
    17.899999618530273,
    9.899999618530273,
    10.75,
    9.989999771118164,
    10.0600004196167,
    10.0600004196167,
    10.270000457763672,
    10.15999984741211,
    10.010000228881836,
    10.010000228881836,
    10.109999656677246,
    10.09000015258789,
    9.949999809265137,
    9.960000038146973,
    10.020000457763672,
    10.180000305175781,
    10.430000305175781,
    10.180000305175781,
    9.8100004196167,
    11.899999618530273,
    10.880000114440918,
    10.8100004196167,
    10.850000381469727,
    10.630000114440918,
    13.239999771118164,
    10.5,
    12.720000267028809,
    14.149999618530273,
    16.889999389648438,
    17.3700008392334,
    17.299999237060547,
    13.920000076293945,
    16.040000915527344,
    15.0,
    15.8100004196167,
    17.510000228881836,
    17.989999771118164,
    15.550000190734863,
    18.530000686645508,
    14.5600004196167,
    17.59000015258789,
    11.890000343322754,
    16.510000228881836,
    14.880000114440918,
    18.059999465942383,
    22.280000686645508,
    24.18000030517578,
    20.81999969482422,
    19.940000534057617,
    22.530000686645508,
    10.84000015258789,
    20.489999771118164,
    21.690000534057617,
    18.530000686645508,
    17.729999542236328,
    19.219999313354492,
    21.6299991607666,
    22.610000610351562,
    20.110000610351562,
    18.18000030517578,
    20.93000030517578,
    20.540000915527344,
    23.59000015258789,
    18.889999389648438,
    21.170000076293945,
    24.489999771118164,
    14.430000305175781,
    13.529999732971191,
    26.989999771118164,
    22.360000610351562,
    15.319999694824219,
    23.209999084472656,
    20.5,
    22.770000457763672,
    15.630000114440918,
    20.260000228881836,
    25.709999084472656,
    23.350000381469727,
    19.809999465942383,
    25.93000030517578,
    24.139999389648438,
    23.6200008392334,
    25.06999969482422,
    17.950000762939453,
    20.8799991607666,
    18.450000762939453,
    24.190000534057617,
    23.790000915527344,
    22.3799991607666,
    29.100000381469727,
    16.700000762939453,
    30.440000534057617,
    19.760000228881836,
    23.790000915527344,
    20.639999389648438
  ],