{
  "CLG_Mut_2": [
    20.079999923706055,
    27.229999542236328,
    32.0099983215332,
    35.84000015258789,
    34.70000076293945,
    37.939998626708984,
    39.060001373291016,
    39.540000915527344,
    37.849998474121094,
    40.97999954223633,
    41.369998931884766,
    41.9900016784668,
    41.5,
    44.2599983215332,
    44.08000183105469,
    43.459999084472656,
    45.45000076293945,
    44.810001373291016,
    43.4900016784668,
    45.43000030517578,
    46.130001068115234,
    47.209999084472656,
    46.650001525878906,
    44.720001220703125,
    47.709999084472656,
    48.77000045776367,
    45.290000915527344,
    47.630001068115234,
    50.13999938964844,
    47.86000061035156,
    47.13999938964844,
    48.0099983215332,
    46.91999816894531,
    45.459999084472656,
    46.58000183105469,
    48.060001373291016,
    48.70000076293945,
    48.529998779296875,
    45.79999923706055,
    47.18000030517578,
    48.290000915527344,
    44.810001373291016,
    48.41999816894531,
    49.11000061035156,
    52.220001220703125,
    52.599998474121094,
    50.060001373291016,
    50.689998626708984,
    45.470001220703125,
    47.61000061035156,
    50.099998474121094,
    46.59000015258789,
    46.68000030517578,
    47.790000915527344,
    49.06999969482422,
    49.95000076293945,
    48.86000061035156,
    47.060001373291016,
    48.959999084472656,
    50.279998779296875,
    49.290000915527344,
    49.630001068115234,
    47.56999969482422,
    46.11000061035156,
    49.52000045776367,
    48.83000183105469,
    49.68000030517578,
    49.45000076293945,
    49.63999938964844,
    47.939998626708984,
    49.34000015258789,
    49.93000030517578,
    49.36000061035156,
    48.459999084472656,
    49.09000015258789,
    50.119998931884766,
    49.65999984741211,
    48.61000061035156,
    49.150001525878906,
    49.18000030517578,
    50.18000030517578,
    49.369998931884766,
    48.36000061035156,
    46.599998474121094,
    45.279998779296875,
    51.84000015258789,
    50.84000015258789,
    46.31999969482422,
    49.880001068115234,
    48.630001068115234,
    49.54999923706055,
    47.099998474121094,
    48.95000076293945,
    46.88999938964844,
    49.34000015258789,
    49.4900016784668,
    46.70000076293945,
    48.75,
    49.779998779296875,
    45.0
  ],
  "Server_only": [
    19.920000076293945,
    27.8799991607666,
    28.40999984741211,
    31.190000534057617,
    28.809999465942383,
    33.400001525878906,
    32.52000045776367,
    34.93000030517578,
    33.33000183105469,
    35.540000915527344,
    37.869998931884766,
    38.86000061035156,
    37.04999923706055,
    38.779998779296875,
    38.540000915527344,
    38.18000030517578,
    38.95000076293945,
    38.869998931884766,
    39.060001373291016,
    38.130001068115234,
    37.70000076293945,
    36.970001220703125,
    36.790000915527344,
    38.63999938964844,
    39.0099983215332,
    39.380001068115234,
    39.08000183105469,
    38.119998931884766,
    38.040000915527344,
    38.689998626708984,
    38.86000061035156,
    39.06999969482422,
    38.84000015258789,
    38.470001220703125,
    38.4900016784668,
    38.40999984741211,
    38.459999084472656,
    38.29999923706055,
    38.41999816894531,
    38.369998931884766,
    38.4900016784668,
    38.869998931884766,
    38.59000015258789,
    38.400001525878906,
    38.619998931884766,
    38.290000915527344,
    38.59000015258789,
    38.56999969482422,
    38.40999984741211,
    38.43000030517578,
    38.720001220703125,
    38.36000061035156,
    38.31999969482422,
    38.5099983215332,
    38.34000015258789,
    38.11000061035156,
    38.27000045776367,
    38.5099983215332,
    38.119998931884766,
    38.099998474121094,
    38.380001068115234,
    38.61000061035156,
    38.060001373291016,
    38.31999969482422,
    38.130001068115234,
    38.43000030517578,
    38.220001220703125,
    38.900001525878906,
    38.290000915527344,
    38.400001525878906,
    38.08000183105469,
    37.970001220703125,
    38.61000061035156,
    38.4900016784668,
    38.439998626708984,
    37.869998931884766,
    38.189998626708984,
    37.83000183105469,
    38.5,
    38.15999984741211,
    38.54999923706055,
    38.349998474121094,
    38.099998474121094,
    37.849998474121094,
    38.119998931884766,
    38.56999969482422,
    37.970001220703125,
    38.16999816894531,
    38.099998474121094,
    37.790000915527344,
    38.27000045776367,
    38.099998474121094,
    37.86000061035156,
    38.38999938964844,
    38.06999969482422,
    38.290000915527344,
    37.869998931884766,
    38.060001373291016,
    37.86000061035156,
    38.400001525878906
  ],
  "HybridFL": [
    16.3700008392334,
    19.270000457763672,
    25.90999984741211,
    32.18000030517578,
    21.84000015258789,
    32.119998931884766,
    34.38999938964844,
    31.0,
    37.43000030517578,
    37.34000015258789,
    36.709999084472656,
    35.849998474121094,
    37.15999984741211,
    35.099998474121094,
    35.720001220703125,
    38.11000061035156,
    29.719999313354492,
    37.560001373291016,
    33.47999954223633,
    36.880001068115234,
    37.38999938964844,
    40.75,
    38.029998779296875,
    43.790000915527344,
    42.849998474121094,
    40.540000915527344,
    36.369998931884766,
    40.150001525878906,
    36.02000045776367,
    40.060001373291016,
    39.65999984741211,
    34.709999084472656,
    39.34000015258789,
    39.33000183105469,
    37.88999938964844,
    38.09000015258789,
    40.310001373291016,
    35.84000015258789,
    37.439998626708984,
    40.33000183105469,
    41.7400016784668,
    39.27000045776367,
    42.86000061035156,
    38.709999084472656,
    45.47999954223633,
    41.79999923706055,
    41.060001373291016,
    42.45000076293945,
    42.70000076293945,
    39.7400016784668,
    39.0099983215332,
    43.060001373291016,
    44.86000061035156,
    43.77000045776367,
    40.939998626708984,
    41.380001068115234,
    41.83000183105469,
    41.119998931884766,
    40.45000076293945,
    42.61000061035156,
    43.18000030517578,
    36.689998626708984,
    43.7599983215332,
    42.06999969482422,
    44.65999984741211,
    42.86000061035156,
    45.36000061035156,
    41.720001220703125,
    43.900001525878906,
    42.189998626708984,
    44.83000183105469,
    41.189998626708984,
    44.119998931884766,
    44.27000045776367,
    41.52000045776367,
    44.369998931884766,
    42.65999984741211,
    42.91999816894531,
    43.06999969482422,
    44.790000915527344,
    43.310001373291016,
    43.650001525878906,
    43.59000015258789,
    43.650001525878906,
    41.130001068115234,
    42.83000183105469,
    44.599998474121094,
    39.15999984741211,
    44.040000915527344,
    42.939998626708984,
    42.959999084472656,
    40.91999816894531,
    43.34000015258789,
    47.33000183105469,
    39.0099983215332,
    44.709999084472656,
    43.66999816894531,
    44.959999084472656,
    45.79999923706055,
    42.86000061035156
  ],