{
  "CLG_FedMV": [
    14.369999885559082,
    15.270000457763672,
    16.139999389648438,
    17.530000686645508,
    17.280000686645508,
    18.979999542236328,
    20.200000762939453,
    18.25,
    17.15999984741211,
    20.850000381469727,
    21.0,
    22.200000762939453,
    23.760000228881836,
    22.809999465942383,
    22.90999984741211,
    23.709999084472656,
    24.329999923706055,
    25.34000015258789,
    24.93000030517578,
    26.450000762939453,
    27.799999237060547,
    28.399999618530273,
    29.940000534057617,
    30.219999313354492,
    29.969999313354492,
    31.239999771118164,
    32.72999954223633,
    32.689998626708984,
    34.79999923706055,
    33.869998931884766,
    35.0099983215332,
    34.97999954223633,
    35.68000030517578,
    36.689998626708984,
    37.31999969482422,
    37.20000076293945,
    37.27000045776367,
    37.54999923706055,
    36.79999923706055,
    36.58000183105469,
    37.27000045776367,
    37.90999984741211,
    39.56999969482422,
    39.15999984741211,
    40.56999969482422,
    41.88999938964844,
    41.11000061035156,
    40.79999923706055,
    40.959999084472656,
    42.09000015258789,
    41.779998779296875,
    41.880001068115234,
    42.79999923706055,
    41.279998779296875,
    42.560001373291016,
    42.0,
    44.95000076293945,
    43.02000045776367,
    45.29999923706055,
    44.9900016784668,
    43.279998779296875,
    44.099998474121094,
    42.029998779296875,
    43.54999923706055,
    44.630001068115234,
    46.959999084472656,
    45.47999954223633,
    45.06999969482422,
    44.279998779296875,
    43.529998779296875,
    44.279998779296875,
    45.77000045776367,
    47.06999969482422,
    45.70000076293945,
    46.47999954223633,
    45.209999084472656,
    46.15999984741211,
    44.33000183105469,
    46.900001525878906,
    45.119998931884766,
    44.97999954223633,
    47.060001373291016,
    48.369998931884766,
    48.119998931884766,
    45.310001373291016,
    46.959999084472656,
    46.029998779296875,
    47.18000030517578,
    47.599998474121094,
    47.75,
    48.86000061035156,
    44.709999084472656,
    46.880001068115234,
    44.88999938964844,
    49.099998474121094,
    49.34000015258789,
    46.040000915527344,
    47.36000061035156,
    48.06999969482422,
    48.93000030517578
  ],
  "FedDU_FedMV": [
    5.650000095367432,
    11.770000457763672,
    13.489999771118164,
    13.210000038146973,
    18.690000534057617,
    21.940000534057617,
    24.09000015258789,
    26.270000457763672,
    29.850000381469727,
    30.56999969482422,
    30.950000762939453,
    34.72999954223633,
    33.45000076293945,
    34.5099983215332,
    36.58000183105469,
    38.810001373291016,
    37.369998931884766,
    38.119998931884766,
    40.689998626708984,
    41.119998931884766,
    40.47999954223633,
    40.40999984741211,
    42.650001525878906,
    43.41999816894531,
    43.47999954223633,
    45.08000183105469,
    45.22999954223633,
    46.36000061035156,
    44.61000061035156,
    47.68000030517578,
    45.709999084472656,
    45.779998779296875,
    47.2599983215332,
    46.47999954223633,
    45.380001068115234,
    47.349998474121094,
    47.470001220703125,
    48.5,
    46.77000045776367,
    48.119998931884766,
    47.970001220703125,
    49.31999969482422,
    50.029998779296875,
    49.25,
    48.56999969482422,
    50.13999938964844,
    47.470001220703125,
    48.91999816894531,
    49.209999084472656,
    49.20000076293945,
    49.790000915527344,
    50.2599983215332,
    49.77000045776367,
    49.880001068115234,
    50.130001068115234,
    50.060001373291016,
    51.11000061035156,
    49.79999923706055,
    50.470001220703125,
    51.0099983215332,
    50.20000076293945,
    51.47999954223633,
    50.970001220703125,
    50.2400016784668,
    50.88999938964844,
    50.65999984741211,
    50.880001068115234,
    52.34000015258789,
    52.150001525878906,
    51.959999084472656,
    50.650001525878906,
    51.68000030517578,
    52.279998779296875,
    52.220001220703125,
    51.41999816894531,
    52.310001373291016,
    51.34000015258789,
    52.59000015258789,
    52.34000015258789,
    51.75,
    52.91999816894531,
    52.40999984741211,
    52.31999969482422,
    53.439998626708984,
    52.599998474121094,
    51.4900016784668,
    53.27000045776367,
    53.18000030517578,
    51.88999938964844,
    52.91999816894531,
    52.52000045776367,
    53.2400016784668,
    53.060001373291016,
    52.5099983215332,
    52.189998626708984,
    54.31999969482422,
    53.43000030517578,
    53.400001525878906,
    53.97999954223633,
    52.4900016784668
  ],
  "FedMV": [
    5.0,
    12.5,
    12.479999542236328,
    13.579999923706055,
    15.319999694824219,
    17.3799991607666,
    18.030000686645508,
    18.84000015258789,
    19.760000228881836,
    22.440000534057617,
    24.90999984741211,
    26.1200008392334,
    28.56999969482422,
    30.030000686645508,
    30.360000610351562,
    34.31999969482422,
    34.689998626708984,
    32.41999816894531,
    31.770000457763672,
    34.540000915527344,
    36.209999084472656,
    39.06999969482422,
    40.68000030517578,
    40.900001525878906,
    41.11000061035156,
    42.31999969482422,
    40.040000915527344,
    43.060001373291016,
    40.459999084472656,
    43.470001220703125,
    39.72999954223633,
    42.779998779296875,
    40.81999969482422,
    43.869998931884766,
    44.560001373291016,
    45.880001068115234,
    44.209999084472656,
    45.150001525878906,
    45.15999984741211,
    46.81999969482422,
    47.25,
    47.810001373291016,
    47.279998779296875,
    46.72999954223633,
    47.209999084472656,
    47.91999816894531,
    48.0099983215332,
    45.84000015258789,
    47.63999938964844,
    49.11000061035156,
    48.400001525878906,
    47.369998931884766,
    47.86000061035156,
    48.720001220703125,
    49.380001068115234,
    47.84000015258789,
    50.279998779296875,
    49.72999954223633,
    47.54999923706055,
    49.4900016784668,
    49.47999954223633,
    48.470001220703125,
    48.290000915527344,
    49.61000061035156,
    50.119998931884766,
    50.22999954223633,
    50.970001220703125,
    48.59000015258789,
    49.70000076293945,
    50.47999954223633,
    50.13999938964844,
    48.88999938964844,
    51.119998931884766,
    50.63999938964844,
    50.91999816894531,
    51.2400016784668,
    48.72999954223633,
    50.130001068115234,
    50.41999816894531,
    49.11000061035156,
    49.599998474121094,
    51.599998474121094,
    52.08000183105469,
    50.04999923706055,
    51.810001373291016,
    51.630001068115234,
    49.63999938964844,
    51.849998474121094,
    51.79999923706055,
    50.459999084472656,
    51.310001373291016,
    51.41999816894531,
    50.11000061035156,
    51.290000915527344,
    51.56999969482422,
    51.38999938964844,
    49.459999084472656,
    50.400001525878906,
    50.720001220703125,
    51.97999954223633
  ],