{
  "HybridFL": [
    5.0,
    6.050000190734863,
    14.34000015258789,
    14.729999542236328,
    16.579999923706055,
    19.389999389648438,
    20.020000457763672,
    24.309999465942383,
    25.219999313354492,
    29.729999542236328,
    31.790000915527344,
    26.739999771118164,
    32.40999984741211,
    33.84000015258789,
    35.650001525878906,
    34.9900016784668,
    35.349998474121094,
    37.43000030517578,
    36.34000015258789,
    39.119998931884766,
    38.88999938964844,
    39.4900016784668,
    41.439998626708984,
    39.15999984741211,
    39.689998626708984,
    42.88999938964844,
    43.27000045776367,
    43.5099983215332,
    41.209999084472656,
    43.68000030517578,
    45.11000061035156,
    45.47999954223633,
    44.880001068115234,
    42.95000076293945,
    44.9900016784668,
    44.7400016784668,
    46.040000915527344,
    45.189998626708984,
    44.40999984741211,
    47.439998626708984,
    47.470001220703125,
    46.93000030517578,
    47.040000915527344,
    48.34000015258789,
    45.63999938964844,
    46.4900016784668,
    47.09000015258789,
    48.029998779296875,
    48.08000183105469,
    47.06999969482422,
    48.369998931884766,
    48.5099983215332,
    49.13999938964844,
    49.7400016784668,
    48.779998779296875,
    48.4900016784668,
    49.13999938964844,
    49.40999984741211,
    47.209999084472656,
    49.5099983215332,
    48.880001068115234,
    50.7400016784668,
    50.13999938964844,
    48.040000915527344,
    48.29999923706055,
    50.349998474121094,
    49.5099983215332,
    49.810001373291016,
    50.040000915527344,
    50.650001525878906,
    49.86000061035156,
    52.400001525878906,
    50.939998626708984,
    49.97999954223633,
    50.58000183105469,
    50.95000076293945,
    50.36000061035156,
    49.63999938964844,
    52.380001068115234,
    50.27000045776367,
    51.84000015258789,
    52.27000045776367,
    51.08000183105469,
    52.439998626708984,
    52.83000183105469,
    51.22999954223633,
    50.970001220703125,
    51.529998779296875,
    51.83000183105469,
    51.66999816894531,
    52.41999816894531,
    52.81999969482422,
    53.58000183105469,
    51.900001525878906,
    51.040000915527344,
    52.08000183105469,
    52.9900016784668,
    52.66999816894531,
    51.40999984741211,
    52.45000076293945
  ],
  "FedDU_Mut": [
    10.260000228881836,
    19.479999542236328,
    21.8799991607666,
    23.799999237060547,
    28.920000076293945,
    28.6200008392334,
    33.380001068115234,
    34.7599983215332,
    33.84000015258789,
    36.11000061035156,
    37.529998779296875,
    37.27000045776367,
    38.310001373291016,
    40.4900016784668,
    40.34000015258789,
    42.08000183105469,
    42.15999984741211,
    44.04999923706055,
    43.41999816894531,
    45.4900016784668,
    44.9900016784668,
    45.38999938964844,
    43.90999984741211,
    45.33000183105469,
    45.529998779296875,
    45.220001220703125,
    45.08000183105469,
    46.470001220703125,
    48.040000915527344,
    47.18000030517578,
    46.47999954223633,
    48.689998626708984,
    48.15999984741211,
    47.869998931884766,
    49.529998779296875,
    49.41999816894531,
    48.470001220703125,
    49.2400016784668,
    50.13999938964844,
    49.040000915527344,
    48.95000076293945,
    49.31999969482422,
    48.18000030517578,
    48.38999938964844,
    48.4900016784668,
    49.5,
    49.86000061035156,
    51.7599983215332,
    51.06999969482422,
    50.209999084472656,
    50.52000045776367,
    50.290000915527344,
    51.2400016784668,
    50.16999816894531,
    50.529998779296875,
    51.65999984741211,
    51.630001068115234,
    49.709999084472656,
    51.880001068115234,
    52.04999923706055,
    52.27000045776367,
    52.70000076293945,
    52.150001525878906,
    51.86000061035156,
    53.380001068115234,
    51.13999938964844,
    52.09000015258789,
    50.900001525878906,
    52.04999923706055,
    52.58000183105469,
    53.22999954223633,
    51.68000030517578,
    53.08000183105469,
    52.75,
    51.29999923706055,
    53.2599983215332,
    53.09000015258789,
    53.290000915527344,
    52.90999984741211,
    51.86000061035156,
    54.099998474121094,
    52.599998474121094,
    52.38999938964844,
    52.869998931884766,
    52.400001525878906,
    51.060001373291016,
    52.459999084472656,
    54.16999816894531,
    53.20000076293945,
    53.58000183105469,
    53.689998626708984,
    53.220001220703125,
    53.29999923706055,
    53.689998626708984,
    53.25,
    53.689998626708984,
    53.4900016784668,
    53.75,
    53.369998931884766,
    53.40999984741211
  ]
}