{
  "CLG_FedMV": [
    22.850000381469727,
    31.06999969482422,
    36.88999938964844,
    40.70000076293945,
    41.18000030517578,
    44.66999816894531,
    44.439998626708984,
    46.95000076293945,
    45.40999984741211,
    47.04999923706055,
    46.97999954223633,
    46.709999084472656,
    46.310001373291016,
    46.880001068115234,
    48.529998779296875,
    48.4900016784668,
    48.619998931884766,
    49.13999938964844,
    49.380001068115234,
    49.970001220703125,
    50.58000183105469,
    50.56999969482422,
    50.900001525878906,
    50.83000183105469,
    51.060001373291016,
    51.61000061035156,
    51.29999923706055,
    51.38999938964844,
    51.529998779296875,
    52.099998474121094,
    51.709999084472656,
    51.58000183105469,
    51.25,
    51.86000061035156,
    50.9900016784668,
    51.38999938964844,
    51.16999816894531,
    51.310001373291016,
    51.61000061035156,
    51.43000030517578,
    52.15999984741211,
    51.95000076293945,
    52.33000183105469,
    52.2400016784668,
    52.150001525878906,
    52.43000030517578,
    52.08000183105469,
    52.869998931884766,
    52.25,
    51.689998626708984,
    51.7400016784668,
    51.79999923706055,
    52.130001068115234,
    51.880001068115234,
    52.02000045776367,
    52.0099983215332,
    52.41999816894531,
    52.709999084472656,
    52.5,
    52.349998474121094,
    51.72999954223633,
    52.650001525878906,
    51.900001525878906,
    51.849998474121094,
    52.349998474121094,
    52.83000183105469,
    52.689998626708984,
    53.130001068115234,
    53.15999984741211,
    52.47999954223633,
    51.7400016784668,
    51.939998626708984,
    52.27000045776367,
    53.0,
    51.9900016784668,
    52.40999984741211,
    52.13999938964844,
    52.95000076293945,
    52.33000183105469,
    52.939998626708984,
    51.810001373291016,
    52.40999984741211,
    52.400001525878906,
    52.5,
    52.599998474121094,
    52.5,
    53.099998474121094,
    52.58000183105469,
    52.209999084472656,
    53.04999923706055,
    52.45000076293945,
    53.209999084472656,
    52.560001373291016,
    53.33000183105469,
    52.54999923706055,
    53.75,
    53.83000183105469,
    52.540000915527344,
    52.72999954223633,
    53.5
  ],
  "FedDU_FedMV": [
    16.639999389648438,
    10.0,
    31.989999771118164,
    35.66999816894531,
    41.38999938964844,
    36.400001525878906,
    36.58000183105469,
    37.349998474121094,
    35.09000015258789,
    39.619998931884766,
    43.90999984741211,
    45.599998474121094,
    44.459999084472656,
    41.11000061035156,
    43.189998626708984,
    39.349998474121094,
    41.290000915527344,
    44.970001220703125,
    45.060001373291016,
    45.11000061035156,
    48.630001068115234,
    46.810001373291016,
    44.43000030517578,
    49.439998626708984,
    53.68000030517578,
    54.369998931884766,
    54.029998779296875,
    52.86000061035156,
    51.310001373291016,
    48.2599983215332,
    50.7400016784668,
    53.04999923706055,
    53.060001373291016,
    53.59000015258789,
    52.16999816894531,
    54.25,
    52.650001525878906,
    53.9900016784668,
    54.79999923706055,
    56.34000015258789,
    54.459999084472656,
    53.41999816894531,
    50.56999969482422,
    55.0,
    50.400001525878906,
    52.33000183105469,
    55.91999816894531,
    52.599998474121094,
    48.40999984741211,
    52.25,
    50.59000015258789,
    50.31999969482422,
    49.970001220703125,
    51.209999084472656,
    50.209999084472656,
    49.880001068115234,
    51.95000076293945,
    55.349998474121094,
    53.13999938964844,
    51.58000183105469,
    50.2599983215332,
    52.72999954223633,
    52.599998474121094,
    53.61000061035156,
    56.150001525878906,
    55.4900016784668,
    54.65999984741211,
    52.79999923706055,
    52.869998931884766,
    55.709999084472656,
    54.33000183105469,
    55.619998931884766,
    52.91999816894531,
    54.20000076293945,
    52.40999984741211,
    52.689998626708984,
    53.439998626708984,
    54.130001068115234,
    48.209999084472656,
    54.5,
    56.27000045776367,
    53.83000183105469,
    53.72999954223633,
    53.31999969482422,
    53.709999084472656,
    53.290000915527344,
    56.529998779296875,
    54.439998626708984,
    51.75,
    52.68000030517578,
    51.40999984741211,
    51.529998779296875,
    51.93000030517578,
    51.22999954223633,
    55.130001068115234,
    53.349998474121094,
    50.95000076293945,
    54.75,
    51.52000045776367,
    54.13999938964844
  ],
  "FedMV": [
    10.100000381469727,
    10.0,
    15.239999771118164,
    16.860000610351562,
    12.729999542236328,
    19.5,
    11.369999885559082,
    9.460000038146973,
    10.0600004196167,
    10.149999618530273,
    10.109999656677246,
    10.680000305175781,
    10.079999923706055,
    10.039999961853027,
    10.130000114440918,
    10.09000015258789,
    10.029999732971191,
    9.6899995803833,
    10.369999885559082,
    10.100000381469727,
    9.949999809265137,
    11.140000343322754,
    11.010000228881836,
    9.380000114440918,
    11.5600004196167,
    10.010000228881836,
    10.119999885559082,
    9.680000305175781,
    9.699999809265137,
    13.300000190734863,
    12.899999618530273,
    12.039999961853027,
    14.170000076293945,
    10.229999542236328,
    11.430000305175781,
    13.489999771118164,
    10.970000267028809,
    13.850000381469727,
    11.3100004196167,
    14.170000076293945,
    12.430000305175781,
    15.020000457763672,
    14.800000190734863,
    10.449999809265137,
    14.779999732971191,
    10.3100004196167,
    10.859999656677246,
    11.479999542236328,
    10.819999694824219,
    16.18000030517578,
    11.15999984741211,
    12.680000305175781,
    20.389999389648438,
    20.420000076293945,
    12.989999771118164,
    12.300000190734863,
    11.930000305175781,
    16.709999084472656,
    16.809999465942383,
    16.719999313354492,
    14.0600004196167,
    16.200000762939453,
    18.229999542236328,
    11.449999809265137,
    12.289999961853027,
    17.0,
    11.15999984741211,
    18.899999618530273,
    18.059999465942383,
    12.210000038146973,
    10.130000114440918,
    14.210000038146973,
    11.140000343322754,
    23.68000030517578,
    18.899999618530273,
    12.380000114440918,
    20.809999465942383,
    15.449999809265137,
    14.779999732971191,
    10.260000228881836,
    18.56999969482422,
    16.8700008392334,
    17.360000610351562,
    18.219999313354492,
    22.6299991607666,
    20.1200008392334,
    20.81999969482422,
    20.1299991607666,
    19.8799991607666,
    19.059999465942383,
    19.139999389648438,
    20.260000228881836,
    18.399999618530273,
    23.8700008392334,
    19.079999923706055,
    19.719999313354492,
    24.719999313354492,
    23.8799991607666,
    15.970000267028809,
    14.670000076293945
  ],