{
  "HybridFL": [
    5.0,
    5.019999980926514,
    7.150000095367432,
    7.440000057220459,
    9.869999885559082,
    11.15999984741211,
    17.18000030517578,
    19.15999984741211,
    17.90999984741211,
    19.239999771118164,
    21.110000610351562,
    17.260000228881836,
    20.5,
    22.299999237060547,
    21.700000762939453,
    26.399999618530273,
    19.09000015258789,
    29.40999984741211,
    20.809999465942383,
    25.8700008392334,
    26.649999618530273,
    25.809999465942383,
    27.3700008392334,
    26.34000015258789,
    29.1200008392334,
    32.66999816894531,
    27.850000381469727,
    28.510000228881836,
    32.709999084472656,
    32.91999816894531,
    33.11000061035156,
    34.2400016784668,
    31.739999771118164,
    33.56999969482422,
    33.220001220703125,
    30.790000915527344,
    29.75,
    34.68000030517578,
    34.040000915527344,
    27.020000457763672,
    32.470001220703125,
    36.599998474121094,
    29.610000610351562,
    33.7599983215332,
    34.43000030517578,
    29.979999542236328,
    32.130001068115234,
    33.650001525878906,
    38.45000076293945,
    32.58000183105469,
    35.849998474121094,
    36.11000061035156,
    29.290000915527344,
    35.9900016784668,
    30.459999084472656,
    35.9900016784668,
    38.310001373291016,
    37.66999816894531,
    31.920000076293945,
    37.29999923706055,
    38.11000061035156,
    32.439998626708984,
    31.739999771118164,
    37.849998474121094,
    33.31999969482422,
    36.119998931884766,
    38.689998626708984,
    35.11000061035156,
    37.70000076293945,
    36.119998931884766,
    38.529998779296875,
    37.25,
    33.68000030517578,
    38.9900016784668,
    39.029998779296875,
    37.209999084472656,
    38.7400016784668,
    41.849998474121094,
    38.720001220703125,
    36.650001525878906,
    36.16999816894531,
    43.29999923706055,
    37.150001525878906,
    40.130001068115234,
    39.33000183105469,
    39.93000030517578,
    39.20000076293945,
    37.93000030517578,
    39.189998626708984,
    34.97999954223633,
    40.65999984741211,
    35.91999816894531,
    36.11000061035156,
    42.9900016784668,
    41.54999923706055,
    42.540000915527344,
    42.81999969482422,
    41.91999816894531,
    40.83000183105469,
    41.400001525878906
  ],
  "FedDU_Mut": [
    14.819999694824219,
    17.139999389648438,
    19.829999923706055,
    21.100000381469727,
    24.040000915527344,
    21.209999084472656,
    25.950000762939453,
    24.670000076293945,
    26.209999084472656,
    27.700000762939453,
    28.360000610351562,
    29.170000076293945,
    28.950000762939453,
    28.709999084472656,
    30.690000534057617,
    32.040000915527344,
    32.310001373291016,
    32.209999084472656,
    32.369998931884766,
    32.52000045776367,
    33.470001220703125,
    34.58000183105469,
    33.810001373291016,
    34.650001525878906,
    35.56999969482422,
    35.290000915527344,
    34.47999954223633,
    35.869998931884766,
    36.130001068115234,
    36.400001525878906,
    36.70000076293945,
    37.02000045776367,
    38.150001525878906,
    37.83000183105469,
    38.790000915527344,
    37.650001525878906,
    37.220001220703125,
    39.150001525878906,
    38.5,
    37.2599983215332,
    38.720001220703125,
    38.869998931884766,
    39.56999969482422,
    41.04999923706055,
    40.7400016784668,
    40.54999923706055,
    41.2400016784668,
    41.02000045776367,
    39.90999984741211,
    38.61000061035156,
    40.209999084472656,
    41.279998779296875,
    41.470001220703125,
    39.65999984741211,
    42.599998474121094,
    41.150001525878906,
    40.810001373291016,
    40.83000183105469,
    42.27000045776367,
    41.689998626708984,
    41.779998779296875,
    41.880001068115234,
    42.97999954223633,
    42.689998626708984,
    42.61000061035156,
    41.29999923706055,
    41.7599983215332,
    40.849998474121094,
    42.290000915527344,
    43.130001068115234,
    43.349998474121094,
    42.0,
    43.959999084472656,
    42.77000045776367,
    44.040000915527344,
    43.290000915527344,
    43.220001220703125,
    42.619998931884766,
    43.0,
    42.77000045776367,
    41.209999084472656,
    43.31999969482422,
    43.72999954223633,
    42.86000061035156,
    44.650001525878906,
    44.38999938964844,
    43.470001220703125,
    44.0099983215332,
    45.060001373291016,
    44.66999816894531,
    43.84000015258789,
    43.22999954223633,
    42.459999084472656,
    43.47999954223633,
    42.15999984741211,
    43.380001068115234,
    44.66999816894531,
    45.029998779296875,
    44.439998626708984,
    43.45000076293945
  ]
}