{
  "HybridFL": [
    5.0,
    5.170000076293945,
    8.329999923706055,
    10.1899995803833,
    12.119999885559082,
    13.260000228881836,
    18.389999389648438,
    21.299999237060547,
    20.260000228881836,
    20.950000762939453,
    23.010000228881836,
    19.329999923706055,
    22.889999389648438,
    25.6299991607666,
    24.270000457763672,
    28.84000015258789,
    22.260000228881836,
    31.440000534057617,
    27.389999389648438,
    28.799999237060547,
    30.81999969482422,
    29.1200008392334,
    31.139999389648438,
    30.020000457763672,
    31.940000534057617,
    35.65999984741211,
    32.25,
    33.189998626708984,
    35.65999984741211,
    35.869998931884766,
    36.650001525878906,
    36.93000030517578,
    37.849998474121094,
    37.68000030517578,
    36.9900016784668,
    36.130001068115234,
    34.02000045776367,
    38.880001068115234,
    38.560001373291016,
    30.729999542236328,
    34.81999969482422,
    39.970001220703125,
    35.36000061035156,
    38.08000183105469,
    37.36000061035156,
    33.91999816894531,
    37.02000045776367,
    37.88999938964844,
    43.400001525878906,
    38.65999984741211,
    41.20000076293945,
    41.06999969482422,
    35.58000183105469,
    41.970001220703125,
    34.970001220703125,
    40.06999969482422,
    41.91999816894531,
    41.599998474121094,
    37.029998779296875,
    41.25,
    41.56999969482422,
    36.81999969482422,
    35.04999923706055,
    41.45000076293945,
    38.709999084472656,
    39.209999084472656,
    41.70000076293945,
    39.529998779296875,
    39.130001068115234,
    38.5099983215332,
    41.91999816894531,
    40.630001068115234,
    37.209999084472656,
    42.470001220703125,
    42.650001525878906,
    42.54999923706055,
    42.619998931884766,
    44.619998931884766,
    42.34000015258789,
    42.16999816894531,
    40.400001525878906,
    45.81999969482422,
    39.61000061035156,
    42.439998626708984,
    41.52000045776367,
    41.560001373291016,
    42.27000045776367,
    42.310001373291016,
    41.869998931884766,
    36.86000061035156,
    42.54999923706055,
    39.34000015258789,
    40.040000915527344,
    46.7400016784668,
    45.75,
    45.439998626708984,
    44.56999969482422,
    45.279998779296875,
    43.689998626708984,
    44.22999954223633
  ],
  "FedDU_Mut": [
    14.319999694824219,
    16.989999771118164,
    23.299999237060547,
    22.93000030517578,
    25.459999084472656,
    27.15999984741211,
    27.770000457763672,
    27.899999618530273,
    29.549999237060547,
    28.579999923706055,
    32.11000061035156,
    33.459999084472656,
    32.060001373291016,
    33.38999938964844,
    34.959999084472656,
    34.91999816894531,
    35.59000015258789,
    37.04999923706055,
    37.119998931884766,
    36.75,
    37.209999084472656,
    39.09000015258789,
    37.81999969482422,
    37.65999984741211,
    38.84000015258789,
    39.90999984741211,
    38.720001220703125,
    39.90999984741211,
    41.93000030517578,
    40.33000183105469,
    40.79999923706055,
    41.150001525878906,
    41.59000015258789,
    41.06999969482422,
    41.93000030517578,
    41.689998626708984,
    41.900001525878906,
    42.33000183105469,
    43.13999938964844,
    42.91999816894531,
    43.45000076293945,
    42.16999816894531,
    42.939998626708984,
    42.88999938964844,
    43.599998474121094,
    42.97999954223633,
    44.84000015258789,
    44.18000030517578,
    44.2400016784668,
    44.65999984741211,
    44.16999816894531,
    44.400001525878906,
    44.099998474121094,
    44.599998474121094,
    43.290000915527344,
    45.2599983215332,
    44.970001220703125,
    44.7599983215332,
    46.04999923706055,
    45.400001525878906,
    45.34000015258789,
    46.33000183105469,
    46.130001068115234,
    46.18000030517578,
    44.4900016784668,
    44.90999984741211,
    43.2400016784668,
    44.150001525878906,
    44.029998779296875,
    45.65999984741211,
    46.040000915527344,
    45.939998626708984,
    45.380001068115234,
    45.810001373291016,
    45.029998779296875,
    46.02000045776367,
    45.91999816894531,
    45.779998779296875,
    46.58000183105469,
    46.4900016784668,
    47.38999938964844,
    45.029998779296875,
    45.130001068115234,
    45.86000061035156,
    45.369998931884766,
    45.689998626708984,
    45.36000061035156,
    45.63999938964844,
    46.63999938964844,
    46.349998474121094,
    46.29999923706055,
    44.95000076293945,
    46.97999954223633,
    46.790000915527344,
    46.880001068115234,
    46.709999084472656,
    47.20000076293945,
    46.0099983215332,
    47.279998779296875,
    46.209999084472656
  ]
}