{
  "CLG_Mut_2": [
    23.209999084472656,
    28.09000015258789,
    27.18000030517578,
    33.540000915527344,
    33.08000183105469,
    33.400001525878906,
    38.5,
    35.33000183105469,
    36.83000183105469,
    38.13999938964844,
    39.52000045776367,
    40.4900016784668,
    42.95000076293945,
    44.27000045776367,
    46.380001068115234,
    46.310001373291016,
    49.310001373291016,
    51.59000015258789,
    51.7400016784668,
    53.400001525878906,
    54.83000183105469,
    55.20000076293945,
    56.470001220703125,
    57.040000915527344,
    57.7400016784668,
    58.2400016784668,
    59.36000061035156,
    59.599998474121094,
    59.40999984741211,
    59.869998931884766,
    60.45000076293945,
    60.25,
    60.720001220703125,
    60.9900016784668,
    61.33000183105469,
    61.150001525878906,
    61.029998779296875,
    61.59000015258789,
    61.20000076293945,
    61.70000076293945,
    61.91999816894531,
    61.84000015258789,
    60.849998474121094,
    61.720001220703125,
    61.77000045776367,
    60.349998474121094,
    62.22999954223633,
    61.5099983215332,
    62.2599983215332,
    61.90999984741211,
    61.439998626708984,
    62.040000915527344,
    61.2599983215332,
    61.869998931884766,
    62.560001373291016,
    62.630001068115234,
    62.720001220703125,
    62.5099983215332,
    61.369998931884766,
    62.09000015258789,
    61.45000076293945,
    62.20000076293945,
    62.66999816894531,
    62.25,
    62.720001220703125,
    62.540000915527344,
    63.02000045776367,
    62.2400016784668,
    61.90999984741211,
    62.099998474121094,
    62.130001068115234,
    61.310001373291016,
    62.27000045776367,
    63.09000015258789,
    62.09000015258789,
    62.72999954223633,
    62.849998474121094,
    63.02000045776367,
    63.08000183105469,
    61.70000076293945,
    62.540000915527344,
    62.369998931884766,
    62.540000915527344,
    63.11000061035156,
    62.2400016784668,
    62.86000061035156,
    63.0099983215332,
    62.13999938964844,
    62.61000061035156,
    62.41999816894531,
    63.099998474121094,
    62.38999938964844,
    62.189998626708984,
    62.810001373291016,
    62.40999984741211,
    62.560001373291016,
    62.31999969482422,
    62.540000915527344,
    62.11000061035156,
    62.18000030517578
  ],
  "HybridFL": [
    14.670000076293945,
    27.809999465942383,
    30.219999313354492,
    36.59000015258789,
    38.709999084472656,
    42.22999954223633,
    42.47999954223633,
    43.90999984741211,
    45.58000183105469,
    45.68000030517578,
    45.470001220703125,
    48.540000915527344,
    48.33000183105469,
    46.83000183105469,
    47.86000061035156,
    46.91999816894531,
    50.56999969482422,
    50.189998626708984,
    51.060001373291016,
    52.16999816894531,
    51.88999938964844,
    50.130001068115234,
    51.939998626708984,
    51.0099983215332,
    52.02000045776367,
    51.33000183105469,
    52.81999969482422,
    53.72999954223633,
    53.02000045776367,
    53.40999984741211,
    52.310001373291016,
    54.36000061035156,
    54.58000183105469,
    52.97999954223633,
    55.369998931884766,
    55.5,
    55.279998779296875,
    54.060001373291016,
    55.20000076293945,
    55.2599983215332,
    53.470001220703125,
    55.790000915527344,
    55.61000061035156,
    55.95000076293945,
    54.18000030517578,
    55.099998474121094,
    55.52000045776367,
    56.040000915527344,
    55.97999954223633,
    55.47999954223633,
    54.86000061035156,
    55.400001525878906,
    56.06999969482422,
    57.279998779296875,
    56.68000030517578,
    57.650001525878906,
    56.75,
    55.79999923706055,
    56.33000183105469,
    57.66999816894531,
    57.0,
    57.0,
    56.119998931884766,
    57.18000030517578,
    57.040000915527344,
    56.720001220703125,
    57.02000045776367,
    57.689998626708984,
    56.04999923706055,
    58.209999084472656,
    58.119998931884766,
    58.150001525878906,
    57.15999984741211,
    56.47999954223633,
    58.52000045776367,
    57.66999816894531,
    58.349998474121094,
    58.599998474121094,
    58.79999923706055,
    58.79999923706055,
    57.36000061035156,
    58.06999969482422,
    58.7599983215332,
    58.84000015258789,
    58.41999816894531,
    59.209999084472656,
    58.58000183105469,
    59.029998779296875,
    57.68000030517578,
    57.47999954223633,
    58.630001068115234,
    58.70000076293945,
    58.29999923706055,
    59.150001525878906,
    57.63999938964844,
    58.5099983215332,
    56.81999969482422,
    59.130001068115234,
    58.22999954223633,
    58.88999938964844
  ],
  "CLG_SGD": [
    24.049999237060547,
    25.329999923706055,
    29.549999237060547,
    28.6200008392334,
    30.559999465942383,
    32.81999969482422,
    34.16999816894531,
    36.2400016784668,
    35.33000183105469,
    37.11000061035156,
    38.40999984741211,
    38.15999984741211,
    39.2599983215332,
    38.95000076293945,
    39.25,
    38.279998779296875,
    38.58000183105469,
    38.369998931884766,
    40.099998474121094,
    41.09000015258789,
    41.56999969482422,
    40.88999938964844,
    42.349998474121094,
    41.810001373291016,
    42.119998931884766,
    44.189998626708984,
    43.959999084472656,
    44.38999938964844,
    46.15999984741211,
    46.529998779296875,
    46.959999084472656,
    48.630001068115234,
    47.709999084472656,
    48.439998626708984,
    48.349998474121094,
    48.36000061035156,
    50.040000915527344,
    49.97999954223633,
    50.61000061035156,
    51.119998931884766,
    51.77000045776367,
    50.779998779296875,
    51.4900016784668,
    52.88999938964844,
    53.560001373291016,
    53.209999084472656,
    53.33000183105469,
    51.66999816894531,
    52.66999816894531,
    53.68000030517578,
    54.290000915527344,
    54.97999954223633,
    54.959999084472656,
    53.529998779296875,
    56.29999923706055,
    55.34000015258789,
    55.540000915527344,
    54.849998474121094,
    56.06999969482422,
    57.290000915527344,
    57.380001068115234,
    56.0099983215332,
    55.97999954223633,
    57.22999954223633,
    57.400001525878906,
    57.4900016784668,
    57.369998931884766,
    56.099998474121094,
    57.08000183105469,
    58.04999923706055,
    57.4900016784668,
    56.93000030517578,
    58.29999923706055,
    57.68000030517578,
    57.29999923706055,
    58.08000183105469,
    57.380001068115234,
    57.470001220703125,
    57.29999923706055,
    58.93000030517578,
    58.029998779296875,
    58.81999969482422,
    58.540000915527344,
    58.939998626708984,
    58.61000061035156,
    58.810001373291016,
    58.88999938964844,
    58.279998779296875,
    57.97999954223633,
    58.68000030517578,
    58.38999938964844,
    58.65999984741211,
    57.4900016784668,
    59.36000061035156,
    59.09000015258789,
    58.209999084472656,
    58.56999969482422,
    58.04999923706055,
    59.13999938964844,
    58.209999084472656
  ],