{
  "CLG_FedMV": [
    15.710000038146973,
    19.760000228881836,
    20.100000381469727,
    24.049999237060547,
    27.639999389648438,
    27.709999084472656,
    30.959999084472656,
    32.060001373291016,
    34.0,
    33.540000915527344,
    34.47999954223633,
    33.13999938964844,
    36.400001525878906,
    37.349998474121094,
    38.560001373291016,
    39.459999084472656,
    41.08000183105469,
    41.7400016784668,
    43.720001220703125,
    43.880001068115234,
    44.40999984741211,
    45.79999923706055,
    46.02000045776367,
    46.66999816894531,
    47.060001373291016,
    47.34000015258789,
    47.5,
    48.77000045776367,
    49.130001068115234,
    48.93000030517578,
    49.90999984741211,
    49.70000076293945,
    49.790000915527344,
    49.83000183105469,
    49.93000030517578,
    50.52000045776367,
    50.52000045776367,
    50.83000183105469,
    51.040000915527344,
    51.119998931884766,
    50.90999984741211,
    51.11000061035156,
    51.369998931884766,
    50.90999984741211,
    51.4900016784668,
    52.04999923706055,
    52.22999954223633,
    51.88999938964844,
    52.849998474121094,
    52.400001525878906,
    52.459999084472656,
    52.5,
    52.66999816894531,
    52.06999969482422,
    52.83000183105469,
    52.22999954223633,
    52.38999938964844,
    52.86000061035156,
    52.93000030517578,
    52.88999938964844,
    52.61000061035156,
    53.040000915527344,
    53.27000045776367,
    52.7400016784668,
    52.72999954223633,
    53.16999816894531,
    53.310001373291016,
    53.15999984741211,
    52.880001068115234,
    53.29999923706055,
    53.22999954223633,
    53.5099983215332,
    53.63999938964844,
    53.90999984741211,
    53.18000030517578,
    53.380001068115234,
    53.90999984741211,
    53.79999923706055,
    54.0099983215332,
    53.119998931884766,
    53.83000183105469,
    53.900001525878906,
    53.70000076293945,
    53.7400016784668,
    53.380001068115234,
    54.380001068115234,
    53.91999816894531,
    54.29999923706055,
    54.130001068115234,
    53.880001068115234,
    53.540000915527344,
    53.68000030517578,
    53.7599983215332,
    53.72999954223633,
    54.5,
    54.63999938964844,
    53.970001220703125,
    54.15999984741211,
    54.290000915527344,
    53.63999938964844
  ],
  "FedDU_FedMV": [
    7.0,
    13.869999885559082,
    16.510000228881836,
    18.40999984741211,
    24.270000457763672,
    27.780000686645508,
    31.809999465942383,
    33.849998474121094,
    37.86000061035156,
    38.08000183105469,
    39.52000045776367,
    41.40999984741211,
    40.63999938964844,
    40.459999084472656,
    43.15999984741211,
    44.939998626708984,
    42.52000045776367,
    44.119998931884766,
    45.59000015258789,
    45.630001068115234,
    46.150001525878906,
    45.619998931884766,
    46.70000076293945,
    47.27000045776367,
    47.869998931884766,
    48.29999923706055,
    49.43000030517578,
    50.83000183105469,
    48.970001220703125,
    50.790000915527344,
    48.93000030517578,
    48.58000183105469,
    50.599998474121094,
    49.25,
    49.36000061035156,
    50.869998931884766,
    50.880001068115234,
    51.66999816894531,
    49.95000076293945,
    50.20000076293945,
    51.41999816894531,
    51.65999984741211,
    52.619998931884766,
    52.61000061035156,
    51.7599983215332,
    53.04999923706055,
    51.310001373291016,
    52.09000015258789,
    51.95000076293945,
    51.9900016784668,
    52.459999084472656,
    53.099998474121094,
    52.869998931884766,
    52.380001068115234,
    52.189998626708984,
    52.95000076293945,
    53.68000030517578,
    52.84000015258789,
    53.56999969482422,
    54.040000915527344,
    52.709999084472656,
    53.72999954223633,
    53.0099983215332,
    51.880001068115234,
    52.599998474121094,
    52.56999969482422,
    52.7599983215332,
    54.36000061035156,
    53.86000061035156,
    53.790000915527344,
    53.5,
    52.540000915527344,
    54.83000183105469,
    54.38999938964844,
    54.150001525878906,
    54.77000045776367,
    52.54999923706055,
    54.380001068115234,
    54.09000015258789,
    54.06999969482422,
    55.349998474121094,
    54.150001525878906,
    54.63999938964844,
    55.619998931884766,
    54.209999084472656,
    53.849998474121094,
    55.33000183105469,
    55.02000045776367,
    53.59000015258789,
    54.779998779296875,
    54.7599983215332,
    55.29999923706055,
    55.02000045776367,
    54.95000076293945,
    53.77000045776367,
    55.540000915527344,
    55.709999084472656,
    55.15999984741211,
    55.650001525878906,
    55.189998626708984
  ],
  "FedMV": [
    5.0,
    13.34000015258789,
    11.859999656677246,
    13.039999961853027,
    14.020000457763672,
    14.970000267028809,
    16.059999465942383,
    16.360000610351562,
    19.770000457763672,
    22.700000762939453,
    24.229999542236328,
    26.360000610351562,
    28.1200008392334,
    30.559999465942383,
    29.3700008392334,
    32.630001068115234,
    35.9900016784668,
    34.470001220703125,
    31.989999771118164,
    35.18000030517578,
    34.900001525878906,
    39.779998779296875,
    41.77000045776367,
    41.4900016784668,
    41.75,
    42.18000030517578,
    40.63999938964844,
    43.77000045776367,
    41.209999084472656,
    44.08000183105469,
    39.220001220703125,
    42.68000030517578,
    41.939998626708984,
    45.31999969482422,
    43.5,
    45.310001373291016,
    44.36000061035156,
    45.040000915527344,
    45.720001220703125,
    47.31999969482422,
    47.5,
    47.90999984741211,
    46.95000076293945,
    47.06999969482422,
    47.150001525878906,
    48.0,
    48.130001068115234,
    45.869998931884766,
    48.38999938964844,
    48.540000915527344,
    48.029998779296875,
    48.18000030517578,
    48.38999938964844,
    48.84000015258789,
    49.40999984741211,
    48.369998931884766,
    50.119998931884766,
    49.58000183105469,
    46.93000030517578,
    49.119998931884766,
    49.40999984741211,
    49.77000045776367,
    48.58000183105469,
    49.22999954223633,
    50.709999084472656,
    50.880001068115234,
    51.099998474121094,
    49.34000015258789,
    50.33000183105469,
    50.72999954223633,
    50.75,
    49.189998626708984,
    50.560001373291016,
    50.08000183105469,
    51.130001068115234,
    50.689998626708984,
    48.2400016784668,
    51.04999923706055,
    50.41999816894531,
    49.15999984741211,
    49.75,
    52.04999923706055,
    52.040000915527344,
    50.25,
    51.7400016784668,
    51.869998931884766,
    50.20000076293945,
    51.66999816894531,
    53.11000061035156,
    51.41999816894531,
    51.150001525878906,
    51.880001068115234,
    50.119998931884766,
    51.63999938964844,
    51.310001373291016,
    51.83000183105469,
    50.5099983215332,
    50.400001525878906,
    50.31999969482422,
    51.16999816894531
  ],