{
  "HybridFL": [
    5.0,
    5.880000114440918,
    14.25,
    15.270000457763672,
    18.049999237060547,
    20.420000076293945,
    19.540000915527344,
    23.1299991607666,
    25.559999465942383,
    27.309999465942383,
    29.079999923706055,
    25.139999389648438,
    29.920000076293945,
    32.15999984741211,
    33.56999969482422,
    33.36000061035156,
    33.869998931884766,
    34.150001525878906,
    33.97999954223633,
    37.25,
    36.61000061035156,
    37.04999923706055,
    37.869998931884766,
    36.41999816894531,
    36.220001220703125,
    39.59000015258789,
    40.31999969482422,
    39.810001373291016,
    40.38999938964844,
    42.18000030517578,
    43.63999938964844,
    43.439998626708984,
    42.65999984741211,
    40.0099983215332,
    43.619998931884766,
    43.25,
    43.59000015258789,
    41.619998931884766,
    42.459999084472656,
    45.029998779296875,
    46.189998626708984,
    45.15999984741211,
    44.38999938964844,
    46.27000045776367,
    43.099998474121094,
    43.2400016784668,
    44.619998931884766,
    45.5,
    46.2400016784668,
    44.61000061035156,
    45.720001220703125,
    46.34000015258789,
    47.900001525878906,
    47.599998474121094,
    47.08000183105469,
    46.470001220703125,
    46.93000030517578,
    46.4900016784668,
    45.529998779296875,
    46.70000076293945,
    47.029998779296875,
    48.040000915527344,
    47.43000030517578,
    45.400001525878906,
    46.209999084472656,
    48.36000061035156,
    48.34000015258789,
    47.779998779296875,
    48.939998626708984,
    48.93000030517578,
    48.279998779296875,
    50.68000030517578,
    48.91999816894531,
    48.599998474121094,
    49.040000915527344,
    48.90999984741211,
    48.25,
    48.630001068115234,
    50.720001220703125,
    48.13999938964844,
    50.63999938964844,
    50.47999954223633,
    49.880001068115234,
    50.16999816894531,
    51.540000915527344,
    49.810001373291016,
    49.54999923706055,
    49.880001068115234,
    50.0,
    50.13999938964844,
    50.97999954223633,
    51.220001220703125,
    51.93000030517578,
    50.70000076293945,
    49.91999816894531,
    50.40999984741211,
    51.47999954223633,
    51.59000015258789,
    49.66999816894531,
    50.83000183105469
  ],
  "FedDU_Mut": [
    7.190000057220459,
    14.239999771118164,
    19.530000686645508,
    20.079999923706055,
    23.059999465942383,
    26.34000015258789,
    26.549999237060547,
    28.18000030517578,
    31.850000381469727,
    31.940000534057617,
    34.650001525878906,
    35.959999084472656,
    37.16999816894531,
    37.83000183105469,
    35.04999923706055,
    36.66999816894531,
    38.630001068115234,
    40.40999984741211,
    41.08000183105469,
    41.7400016784668,
    42.25,
    44.900001525878906,
    44.709999084472656,
    45.209999084472656,
    42.52000045776367,
    46.0,
    45.54999923706055,
    47.31999969482422,
    46.43000030517578,
    45.790000915527344,
    48.54999923706055,
    46.380001068115234,
    46.36000061035156,
    48.47999954223633,
    47.959999084472656,
    48.31999969482422,
    48.93000030517578,
    48.81999969482422,
    49.81999969482422,
    50.09000015258789,
    48.86000061035156,
    48.81999969482422,
    48.880001068115234,
    50.72999954223633,
    49.90999984741211,
    51.93000030517578,
    50.459999084472656,
    51.310001373291016,
    49.7599983215332,
    50.95000076293945,
    50.72999954223633,
    50.5099983215332,
    49.65999984741211,
    50.79999923706055,
    52.16999816894531,
    51.06999969482422,
    50.58000183105469,
    52.130001068115234,
    50.84000015258789,
    51.349998474121094,
    52.060001373291016,
    52.20000076293945,
    51.560001373291016,
    52.099998474121094,
    52.38999938964844,
    51.689998626708984,
    51.540000915527344,
    51.959999084472656,
    50.77000045776367,
    51.029998779296875,
    51.709999084472656,
    51.79999923706055,
    52.279998779296875,
    53.099998474121094,
    53.029998779296875,
    51.7400016784668,
    51.9900016784668,
    51.18000030517578,
    52.11000061035156,
    52.18000030517578,
    51.81999969482422,
    53.25,
    53.150001525878906,
    52.189998626708984,
    54.119998931884766,
    53.56999969482422,
    53.900001525878906,
    53.88999938964844,
    53.380001068115234,
    53.65999984741211,
    55.029998779296875,
    52.68000030517578,
    53.279998779296875,
    53.689998626708984,
    53.209999084472656,
    53.630001068115234,
    55.2599983215332,
    54.16999816894531,
    53.68000030517578,
    54.970001220703125
  ]
}