{
  "Fed_C": [
    18.908607482910156,
    18.908607482910156,
    18.877864837646484,
    18.879262924194336,
    18.165176391601562,
    19.100055694580078,
    19.69536018371582,
    20.87199592590332,
    21.421184539794922,
    13.648686408996582,
    23.83873748779297,
    24.700950622558594,
    25.058692932128906,
    23.813583374023438,
    27.77948570251465,
    29.295696258544922,
    29.10145378112793,
    30.845443725585938,
    29.636669158935547,
    33.37059783935547,
    32.71939468383789,
    34.122413635253906,
    35.388484954833984,
    33.0240364074707,
    36.00056076049805,
    36.79150390625,
    32.706817626953125,
    37.43152618408203,
    36.17942810058594,
    34.07490158081055,
    36.29821014404297,
    34.43683624267578,
    38.696197509765625,
    37.38261413574219,
    39.05813217163086,
    39.01481246948242,
    37.40776824951172,
    36.62940216064453,
    38.28535461425781,
    36.565120697021484,
    38.550865173339844,
    31.035493850708008,
    36.992733001708984,
    36.61402893066406,
    34.366966247558594,
    35.82588195800781,
    37.59921646118164,
    29.08328628540039,
    31.88652801513672,
    36.549747467041016,
    36.33454513549805,
    34.144775390625,
    36.4169921875,
    33.0994987487793,
    34.12381362915039,
    33.04639434814453,
    33.68082809448242,
    35.16629409790039,
    31.710453033447266,
    32.054222106933594,
    29.492733001708984,
    33.61095428466797,
    32.66489791870117,
    34.34320831298828,
    33.434879302978516,
    34.002235412597656,
    33.457237243652344,
    33.48379135131836,
    32.24147415161133,
    33.1525993347168,
    32.21213150024414,
    33.60955810546875,
    33.12045669555664,
    32.85913848876953,
    32.607601165771484,
    32.727779388427734,
    33.408329010009766,
    32.554500579833984,
    32.81162643432617,
    32.75852584838867,
    32.76970291137695,
    32.532142639160156,
    32.701229095458984,
    32.90385818481445,
    32.752933502197266,
    32.63974380493164,
    32.90106201171875,
    32.71939468383789,
    32.57266616821289,
    32.705421447753906,
    32.966739654541016,
    32.6844596862793,
    32.821407318115234,
    32.70961380004883,
    32.8367805480957,
    32.839576721191406,
    32.91643524169922,
    32.57685852050781,
    32.72358703613281,
    32.77110290527344
  ],
  "Fed_S": [
    18.908607482910156,
    4.643655776977539,
    18.908607482910156,
    18.598379135131836,
    18.63471221923828,
    15.77836799621582,
    21.86417007446289,
    21.094186782836914,
    21.185020446777344,
    22.326719284057617,
    16.95360565185547,
    25.531023025512695,
    23.791223526000977,
    24.445220947265625,
    27.891279220581055,
    27.245668411254883,
    30.911123275756836,
    27.28759002685547,
    30.862213134765625,
    32.44829559326172,
    32.62995910644531,
    33.21827697753906,
    32.66629409790039,
    35.23616409301758,
    34.96925735473633,
    34.43404006958008,
    28.58160972595215,
    37.34209060668945,
    31.597261428833008,
    38.2056999206543,
    36.95220947265625,
    33.898826599121094,
    30.96562385559082,
    39.5318603515625,
    34.139183044433594,
    37.833984375,
    39.36556625366211,
    39.10564422607422,
    32.347679138183594,
    35.863609313964844,
    36.341529846191406,
    34.777809143066406,
    36.498043060302734,
    36.00056076049805,
    28.524314880371094,
    39.14617156982422,
    38.32308578491211,
    37.669090270996094,
    37.210731506347656,
    21.943822860717773,
    36.67132568359375,
    35.57154846191406,
    37.174400329589844,
    31.380659103393555,
    33.67803192138672,
    33.8261604309082,
    34.666015625,
    26.310787200927734,
    34.86025619506836,
    34.57658004760742,
    32.8367805480957,
    33.935157775878906,
    33.935157775878906,
    33.33845901489258,
    33.195919036865234,
    33.08412551879883,
    33.44606018066406,
    31.804080963134766,
    33.03661346435547,
    32.78786849975586,
    32.986305236816406,
    33.201507568359375,
    33.003074645996094,
    33.033817291259766,
    32.892677307128906,
    32.89686965942383,
    32.73057556152344,
    32.487422943115234,
    30.387086868286133,
    33.18753433227539,
    33.31889343261719,
    32.7808837890625,
    33.25181579589844,
    32.961151123046875,
    32.87730407714844,
    32.699832916259766,
    32.705421447753906,
    32.64533233642578,
    32.79066467285156,
    32.62297439575195,
    32.919227600097656,
    32.45388412475586,
    32.86333084106445,
    32.726383209228516,
    32.7026252746582,
    32.856346130371094,
    32.632755279541016,
    32.722190856933594,
    32.70402526855469,
    32.89686965942383
  ],
  "FedDU": [
    18.908607482910156,
    18.908607482910156,
    18.908607482910156,
    18.908607482910156,
    18.908607482910156,
    18.908607482910156,
    18.908607482910156,
    18.908607482910156,
    18.908607482910156,
    18.908607482910156,
    18.908607482910156,
    18.908607482910156,
    18.908607482910156,
    18.908607482910156,
    18.908607482910156,
    18.908607482910156,
    18.908607482910156,
    18.908607482910156,
    18.908607482910156,
    18.908607482910156,
    18.908607482910156,
    18.908607482910156,
    18.908607482910156,
    18.908607482910156,
    18.908607482910156,
    18.910005569458008,
    18.905813217163086,
    18.8513126373291,
    18.847122192382812,
    19.442426681518555,
    19.877025604248047,
    20.149524688720703,
    20.771381378173828,
    20.884572982788086,
    21.492454528808594,
    21.616825103759766,
    22.083566665649414,
    22.252655029296875,
    22.388206481933594,
    23.338457107543945,
    23.381776809692383,
    23.453046798706055,
    23.66126251220703,
    23.863889694213867,
    24.168529510498047,
    24.358579635620117,
    24.259363174438477,
    24.52347755432129,
    24.71632194519043,
    24.726104736328125,
    24.828115463256836,
    24.868640899658203,
    24.87982177734375,
    24.939910888671875,
    24.94829559326172,
    24.938512802124023,
    25.022357940673828,
    25.00279426574707,
    25.039127349853516,
    25.053102493286133,
    25.02655029296875,
    24.95248794555664,
    25.016769409179688,
    25.030742645263672,
    25.11738395690918,
    25.110397338867188,
    25.599496841430664,
    25.320011138916016,
    25.56735610961914,
    26.22834014892578,
    26.003353118896484,
    27.202346801757812,
    27.66349983215332,
    28.355226516723633,
    28.524314880371094,
    28.690608978271484,
    29.10564613342285,
    29.139183044433594,
    29.57098960876465,
    29.285913467407227,
    29.45639991760254,
    29.464784622192383,
    29.684181213378906,
    29.748462677001953,
    29.90357780456543,
    29.90916633605957,
    29.78759002685547,
    30.11458969116211,
    30.122974395751953,
    30.317216873168945,
    30.2808837890625,
    30.532421112060547,
    30.456958770751953,
    30.796533584594727,
    30.64002227783203,
    30.913917541503906,
    31.0550594329834,
    31.22834014892578,
    31.207378387451172,
    31.616825103759766
  ],